小区名称,小区参考均价,90天成交数,当前出租数,所在地区,详细地址,建成年份
富春山,"('9540', '元/m')",90天成交3套,1套正在出租,雨花,跳马,2015年建成
华雅林语苑,"('12517', '元/m')",90天成交0套,6套正在出租,雨花,武广新城,2008年建成
益佳苑,"('9365', '元/m')",90天成交0套,6套正在出租,雨花,东塘,2011年建成
岳泰理想城,"('9834', '元/m')",90天成交1套,43套正在出租,雨花,德思勤,2010年建成
公交园小区,"('6718', '元/m')",90天成交1套,4套正在出租,雨花,东塘,1994年建成
南苑小区,"('8522', '元/m')",90天成交1套,0套正在出租,雨花,喜盈门,2004年建成
鼓风机厂宿舍,"('6470', '元/m')",90天成交1套,12套正在出租,雨花,树木岭,1997年建成
建丰公寓,"('5821', '元/m')",90天成交2套,5套正在出租,雨花,雨花亭,1997年建成
湖南省测绘地理信息局大院,"('6561', '元/m')",90天成交1套,5套正在出租,雨花,雨花亭,1982年建成
香巴圣地,"('7695', '元/m')",90天成交3套,5套正在出租,雨花,左家塘,1995年建成
华隆公寓,"('6046', '元/m')",90天成交1套,6套正在出租,雨花,高桥,2001年建成
泰禹家园3期,"('10503', '元/m')",90天成交4套,17套正在出租,雨花,万家丽南路,2000年建成
凯轩云顶,"('8762', '元/m')",90天成交2套,24套正在出租,雨花,赤岗冲,2011年建成
桂花公寓,"('6759', '元/m')",90天成交0套,10套正在出租,雨花,左家塘,1984年建成
鑫源公寓,"('16282', '元/m')",90天成交0套,1套正在出租,雨花,德思勤,1996年建成
城南郡,"('9744', '元/m')",90天成交1套,7套正在出租,雨花,左家塘,2006年建成
远东公寓,"('8343', '元/m')",90天成交0套,21套正在出租,雨花,窑岭,1989年建成
金地华园,"('8675', '元/m')",90天成交1套,10套正在出租,雨花,雨花亭,2005年建成
天凯东苑,"('7949', '元/m')",90天成交1套,9套正在出租,雨花,树木岭,2004年建成
几米空间,"('6566', '元/m')",90天成交1套,31套正在出租,雨花,赤岗冲,2004年建成
山水庭院西区,"('7895', '元/m')",90天成交0套,0套正在出租,雨花,井湾子,2004年建成
牛角塘小区,"('7903', '元/m')",90天成交1套,24套正在出租,雨花,东塘,1983年建成
床单厂宿舍,"('6010', '元/m')",90天成交0套,3套正在出租,雨花,赤岗冲,1982年建成
景江雅苑,"('8812', '元/m')",90天成交1套,7套正在出租,雨花,武广新城,2007年建成
丹桂雅苑,"('6960', '元/m')",90天成交0套,1套正在出租,雨花,左家塘,2000年建成
鑫天御景湾一期,"('10729', '元/m')",90天成交3套,8套正在出租,雨花,喜盈门,2012年建成
湘水一城,"('8848', '元/m')",90天成交4套,7套正在出租,雨花,韶山南路,2003年建成
天下一家,"('10752', '元/m')",90天成交0套,10套正在出租,雨花,高桥,2001年建成
福乐名园,"('8727', '元/m')",90天成交1套,16套正在出租,雨花,左家塘,2001年建成
长沙市公路管理机关宿舍,"('10863', '元/m')",90天成交0套,2套正在出租,雨花,雨花亭,1990年建成
建丰公寓,"('5821', '元/m')",90天成交2套,5套正在出租,雨花,雨花亭,1997年建成
树木岭路455号,"('5866', '元/m')",90天成交0套,0套正在出租,雨花,树木岭,未知年建成
机电市场,"('5902', '元/m')",90天成交0套,1套正在出租,雨花,汽车南站,未知年建成
桃花村,"('5914', '元/m')",90天成交0套,0套正在出租,雨花,汽车南站,1978年建成
桔园小区卫技新村,"('5919', '元/m')",90天成交1套,2套正在出租,雨花,雨花亭,1995年建成
高桥艺美城,"('5930', '元/m')",90天成交0套,0套正在出租,雨花,高桥,2000年建成
白云商住楼,"('5957', '元/m')",90天成交0套,0套正在出租,雨花,赤岗冲,2000年建成
四星小区,"('5968', '元/m')",90天成交1套,1套正在出租,雨花,韶山南路,1980年建成
富通新城,"('5977', '元/m')",90天成交0套,1套正在出租,雨花,高桥,未知年建成
蔬菜公司,"('5982', '元/m')",90天成交0套,2套正在出租,雨花,左家塘,未知年建成
床单厂宿舍,"('6010', '元/m')",90天成交0套,3套正在出租,雨花,赤岗冲,1982年建成
杨家山汽修厂,"('6013', '元/m')",90天成交0套,0套正在出租,雨花,左家塘,2000年建成
左家塘二建,"('6036', '元/m')",90天成交0套,0套正在出租,雨花,窑岭,1995年建成
华隆公寓,"('6046', '元/m')",90天成交1套,6套正在出租,雨花,高桥,2001年建成
移民局宿舍,"('6079', '元/m')",90天成交0套,1套正在出租,雨花,赤岗冲,1998年建成
交通职院宿舍楼,"('6080', '元/m')",90天成交0套,4套正在出租,雨花,韶山南路,1975年建成
送变电建设公司宿舍,"('6081', '元/m')",90天成交0套,1套正在出租,雨花,雨花亭,1990年建成
桂花楼,"('6092', '元/m')",90天成交0套,0套正在出租,雨花,赤岗冲,1990年建成
电信宿舍（红花坡）,"('6118', '元/m')",90天成交0套,1套正在出租,雨花,赤岗冲,1998年建成
涟源百货城,"('6128', '元/m')",90天成交0套,0套正在出租,雨花,汽车南站,2001年建成
长沙市第21中宿舍楼,"('6132', '元/m')",90天成交0套,0套正在出租,雨花,雨花亭,1992年建成
建设医院宿舍,"('6136', '元/m')",90天成交0套,0套正在出租,雨花,东塘,2012年建成
华达家园,"('6159', '元/m')",90天成交3套,4套正在出租,雨花,赤岗冲,2002年建成
康乐花园小区,"('6165', '元/m')",90天成交0套,3套正在出租,雨花,树木岭,1996年建成
交通职业学院南院家属区,"('6166', '元/m')",90天成交0套,0套正在出租,雨花,韶山南路,未知年建成
维一宿舍,"('6167', '元/m')",90天成交0套,2套正在出租,雨花,雨花亭,2006年建成
红花坡小区,"('6169', '元/m')",90天成交1套,14套正在出租,雨花,赤岗冲,1994年建成
高桥皮具城,"('6170', '元/m')",90天成交0套,4套正在出租,雨花,高桥,2000年建成
成功苑,"('6180', '元/m')",90天成交0套,5套正在出租,雨花,雨花亭,1995年建成
火焰村小区,"('6185', '元/m')",90天成交0套,0套正在出租,雨花,高桥,未知年建成
天心区市政局基地宿舍,"('6201', '元/m')",90天成交0套,0套正在出租,雨花,韶山南路,1998年建成
桔园宿舍,"('6206', '元/m')",90天成交0套,0套正在出租,雨花,雨花亭,1990年建成
信和苑四区,"('6213', '元/m')",90天成交1套,1套正在出租,雨花,韶山南路,2004年建成
妹子山巷16号,"('6219', '元/m')",90天成交0套,1套正在出租,雨花,桂花村,1980年建成
市城市公用设施开发公司宿舍,"('6223', '元/m')",90天成交0套,1套正在出租,雨花,左家塘,1993年建成
长沙阀门厂,"('6226', '元/m')",90天成交0套,0套正在出租,雨花,赤岗冲,1995年建成
香樟路电信宿舍,"('6234', '元/m')",90天成交1套,7套正在出租,雨花,韶山南路,1995年建成
华中宿舍,"('6250', '元/m')",90天成交0套,2套正在出租,雨花,桂花村,未知年建成
星城名典,"('6257', '元/m')",90天成交0套,2套正在出租,雨花,左家塘,1999年建成
远大小区,"('6277', '元/m')",90天成交0套,2套正在出租,雨花,韶山南路,1998年建成
曙光中路378号,"('6281', '元/m')",90天成交0套,1套正在出租,雨花,东塘,未知年建成
白沙家园嘉城,"('6283', '元/m')",90天成交0套,9套正在出租,雨花,雨花亭,2000年建成
洞井小区,"('6293', '元/m')",90天成交0套,3套正在出租,雨花,汽车南站,1985年建成
万代公寓,"('6300', '元/m')",90天成交0套,0套正在出租,雨花,赤岗冲,1996年建成
铁建小区,"('6317', '元/m')",90天成交0套,2套正在出租,雨花,赤岗冲,1985年建成
制药厂宿舍,"('6332', '元/m')",90天成交0套,1套正在出租,雨花,桂花村,未知年建成
时代星座,"('6354', '元/m')",90天成交0套,1套正在出租,雨花,雨花亭,2000年建成
物贸赤岗宿舍,"('6356', '元/m')",90天成交0套,2套正在出租,雨花,左家塘,1996年建成
东进小区,"('6358', '元/m')",90天成交0套,5套正在出租,雨花,高桥,1995年建成
长沙银行宿舍,"('6362', '元/m')",90天成交0套,0套正在出租,雨花,东塘,1992年建成
景芳苑公寓,"('6365', '元/m')",90天成交1套,3套正在出租,雨花,韶山南路,2005年建成
环卫局宿舍,"('6367', '元/m')",90天成交0套,1套正在出租,雨花,雨花亭,1980年建成
信和苑一区,"('6371', '元/m')",90天成交1套,2套正在出租,雨花,韶山南路,1992年建成
佳园星城,"('6373', '元/m')",90天成交2套,13套正在出租,雨花,井湾子,2000年建成
长冶小区,"('6383', '元/m')",90天成交0套,5套正在出租,雨花,武广新城,2000年建成
景环小区,"('6384', '元/m')",90天成交2套,1套正在出租,雨花,跳马,2000年建成
友阿宿舍,"('6392', '元/m')",90天成交0套,0套正在出租,雨花,桂花村,1987年建成
人民印刷厂宿舍,"('6412', '元/m')",90天成交0套,2套正在出租,雨花,赤岗冲,1988年建成
狮子山二片小区,"('6425', '元/m')",90天成交2套,14套正在出租,雨花,赤岗冲,1982年建成
湖南科技职业学院教工宿舍,"('6428', '元/m')",90天成交0套,0套正在出租,雨花,喜盈门,未知年建成
中铁五局七公司,"('6431', '元/m')",90天成交0套,0套正在出租,雨花,德思勤,未知年建成
富通大市场,"('6437', '元/m')",90天成交0套,0套正在出租,雨花,高桥,1998年建成
杨家山立交桥西南,"('6442', '元/m')",90天成交0套,0套正在出租,雨花,左家塘,1986年建成
高桥家电城,"('6445', '元/m')",90天成交0套,0套正在出租,雨花,高桥,1998年建成
轻工设计院小区,"('6452', '元/m')",90天成交1套,8套正在出租,雨花,井湾子,2001年建成
马王堆乡友谊村,"('6456', '元/m')",90天成交0套,0套正在出租,雨花,高桥,2000年建成
长沙航空技术学院住宅楼,"('6468', '元/m')",90天成交0套,0套正在出租,雨花,武广新城,1985年建成
鼓风机厂宿舍,"('6470', '元/m')",90天成交1套,12套正在出租,雨花,树木岭,1997年建成
四达花苑,"('6482', '元/m')",90天成交0套,4套正在出租,雨花,桂花村,1985年建成
联盟佳苑,"('6485', '元/m')",90天成交0套,0套正在出租,雨花,万家丽南路,2000年建成
自然小区,"('6491', '元/m')",90天成交0套,2套正在出租,雨花,树木岭,1988年建成
信和苑三区,"('6495', '元/m')",90天成交1套,15套正在出租,雨花,韶山南路,1984年建成
省建六公司宿舍雨花亭,"('6499', '元/m')",90天成交0套,0套正在出租,雨花,雨花亭,1995年建成
苎麻小区,"('6509', '元/m')",90天成交0套,6套正在出租,雨花,雨花亭,1995年建成
人民保险公司宿舍,"('6510', '元/m')",90天成交0套,3套正在出租,雨花,左家塘,1987年建成
圭塘小区,"('6520', '元/m')",90天成交0套,0套正在出租,雨花,武广新城,未知年建成
金沙园小区,"('6526', '元/m')",90天成交0套,2套正在出租,雨花,雨花亭,2005年建成
麻园湾小区,"('6528', '元/m')",90天成交1套,4套正在出租,雨花,东塘,1979年建成
泰时花园,"('6546', '元/m')",90天成交0套,8套正在出租,雨花,赤岗冲,1995年建成
黎郡新宇康景园,"('6552', '元/m')",90天成交1套,2套正在出租,雨花,武广新城,2000年建成
红星农博住宅小区,"('6552', '元/m')",90天成交1套,3套正在出租,雨花,德思勤,2000年建成
湖南省测绘地理信息局大院,"('6561', '元/m')",90天成交1套,5套正在出租,雨花,雨花亭,1982年建成
桔园小区,"('6565', '元/m')",90天成交9套,44套正在出租,雨花,雨花亭,1988年建成
荷叶塘小区,"('6566', '元/m')",90天成交0套,1套正在出租,雨花,左家塘,1984年建成
几米空间,"('6566', '元/m')",90天成交1套,31套正在出租,雨花,赤岗冲,2004年建成
文艺出版社,"('6571', '元/m')",90天成交0套,1套正在出租,雨花,高桥,1995年建成
电信宿舍,"('6571', '元/m')",90天成交0套,1套正在出租,雨花,左家塘,1997年建成
农村合作信用社宿舍,"('6579', '元/m')",90天成交0套,1套正在出租,雨花,左家塘,1995年建成
天心苑,"('6586', '元/m')",90天成交0套,12套正在出租,雨花,铁道学院,1997年建成
茶园坡社区,"('6587', '元/m')",90天成交4套,17套正在出租,雨花,雨花亭,1990年建成
湘樟园,"('6588', '元/m')",90天成交4套,19套正在出租,雨花,韶山南路,2001年建成
狮子山一片小区,"('6590', '元/m')",90天成交2套,9套正在出租,雨花,左家塘,1986年建成
省林机厂宿舍南院,"('6602', '元/m')",90天成交2套,1套正在出租,雨花,韶山南路,1998年建成
井湾子派出所宿舍,"('6603', '元/m')",90天成交0套,0套正在出租,雨花,井湾子,1996年建成
湘银公寓,"('6617', '元/m')",90天成交0套,8套正在出租,雨花,雨花亭,1998年建成
绿荫家园,"('6624', '元/m')",90天成交4套,1套正在出租,雨花,井湾子,2003年建成
湘博楼,"('6625', '元/m')",90天成交0套,1套正在出租,雨花,雨花亭,2000年建成
旺盛佳园,"('6626', '元/m')",90天成交0套,0套正在出租,雨花,韶山南路,2005年建成
工贸学校宿舍楼,"('6626', '元/m')",90天成交1套,1套正在出租,雨花,树木岭,1990年建成
砂子塘幸福家,"('6627', '元/m')",90天成交0套,0套正在出租,雨花,雨花亭,未知年建成
高升小区C区,"('6636', '元/m')",90天成交1套,1套正在出租,雨花,德思勤,2006年建成
星城新宇黎景苑,"('6638', '元/m')",90天成交0套,0套正在出租,雨花,武广新城,2016年建成
星城星宇黎雅苑,"('6638', '元/m')",90天成交0套,0套正在出租,雨花,武广新城,未知年建成
上王家冲小区,"('6641', '元/m')",90天成交1套,4套正在出租,雨花,雨花亭,2007年建成
通程物流小区,"('6645', '元/m')",90天成交1套,8套正在出租,雨花,韶山南路,1995年建成
桔香苑,"('6647', '元/m')",90天成交1套,8套正在出租,雨花,雨花亭,1999年建成
人民路33号,"('6648', '元/m')",90天成交0套,0套正在出租,雨花,窑岭,2000年建成
玻纤宿舍,"('6648', '元/m')",90天成交0套,4套正在出租,雨花,赤岗冲,1982年建成
南大路88号,"('6659', '元/m')",90天成交0套,0套正在出租,雨花,东塘,未知年建成
橡鞋小区,"('6665', '元/m')",90天成交0套,0套正在出租,雨花,左家塘,未知年建成
新百货城,"('6667', '元/m')",90天成交0套,0套正在出租,雨花,高桥,2005年建成
红花坡官南,"('6669', '元/m')",90天成交0套,1套正在出租,雨花,赤岗冲,1994年建成
燕兴小区,"('6672', '元/m')",90天成交0套,0套正在出租,雨花,桂花村,未知年建成
东一时区,"('6686', '元/m')",90天成交0套,9套正在出租,雨花,高桥,2000年建成
湖南省第三工程有限公司长沙分公司宿舍,"('6694', '元/m')",90天成交0套,0套正在出租,雨花,汽车南站,未知年建成
信和苑二区,"('6700', '元/m')",90天成交1套,0套正在出租,雨花,韶山南路,1991年建成
外国语宿舍,"('6702', '元/m')",90天成交0套,0套正在出租,雨花,桂花村,1996年建成
教育生产装备处小区,"('6710', '元/m')",90天成交0套,4套正在出租,雨花,雨花亭,1980年建成
赤岗冲住宅楼,"('6715', '元/m')",90天成交0套,2套正在出租,雨花,东塘,1990年建成
五矿厂宿舍,"('6717', '元/m')",90天成交0套,0套正在出租,雨花,左家塘,未知年建成
公交园小区,"('6718', '元/m')",90天成交1套,4套正在出租,雨花,东塘,1994年建成
长沙供电段宿舍,"('6721', '元/m')",90天成交0套,0套正在出租,雨花,赤岗冲,1995年建成
省百纺大院,"('6722', '元/m')",90天成交1套,13套正在出租,雨花,左家塘,1983年建成
雨花亭变电站宿舍,"('6733', '元/m')",90天成交0套,2套正在出租,雨花,雨花亭,1990年建成
轻安苑,"('6737', '元/m')",90天成交0套,4套正在出租,雨花,赤岗冲,1990年建成
湘水和天下,"('6738', '元/m')",90天成交2套,29套正在出租,雨花,韶山南路,2008年建成
湖南省药品检验研究院小区南院,"('6743', '元/m')",90天成交0套,0套正在出租,雨花,韶山南路,未知年建成
曙光妹子山社区,"('6748', '元/m')",90天成交3套,9套正在出租,雨花,桂花村,1975年建成
阿弥岭2片,"('6752', '元/m')",90天成交2套,9套正在出租,雨花,桂花村,1979年建成
红星电脑电器城,"('6755', '元/m')",90天成交0套,0套正在出租,雨花,汽车南站,2002年建成
中国农业银行宿舍（雨花亭）,"('6758', '元/m')",90天成交0套,3套正在出租,雨花,雨花亭,1993年建成
桂花公寓,"('6759', '元/m')",90天成交0套,10套正在出租,雨花,左家塘,1984年建成
卫技新村二村,"('6763', '元/m')",90天成交0套,3套正在出租,雨花,韶山南路,2001年建成
化工部长沙设计研究院,"('6766', '元/m')",90天成交0套,1套正在出租,雨花,汽车南站,1979年建成
东方公寓,"('6768', '元/m')",90天成交0套,0套正在出租,雨花,桂花村,2005年建成
莱特尔事业集团小区,"('6770', '元/m')",90天成交0套,2套正在出租,雨花,桂花村,1995年建成
韶山中路424号,"('6770', '元/m')",90天成交0套,6套正在出租,雨花,雨花亭,1992年建成
三湘小区,"('6771', '元/m')",90天成交5套,59套正在出租,雨花,韶山南路,1995年建成
雨花亭办事处宿舍,"('6774', '元/m')",90天成交0套,3套正在出租,雨花,雨花亭,1990年建成
营山巷综合楼,"('6775', '元/m')",90天成交0套,4套正在出租,雨花,左家塘,未知年建成
王公塘赛福尔公寓,"('6786', '元/m')",90天成交1套,22套正在出租,雨花,桂花村,1995年建成
中扬大厦,"('6793', '元/m')",90天成交0套,0套正在出租,雨花,东塘,2000年建成
佳兆业君汇上品,"('6796', '元/m')",90天成交10套,12套正在出租,雨花,跳马,2000年建成
骆家坝小区,"('6796', '元/m')",90天成交0套,11套正在出租,雨花,左家塘,2000年建成
黎郡新宇熙春园,"('6800', '元/m')",90天成交0套,0套正在出租,雨花,武广新城,2005年建成
南方宿舍,"('6816', '元/m')",90天成交0套,1套正在出租,雨花,桂花村,未知年建成
双银花园,"('6836', '元/m')",90天成交0套,3套正在出租,雨花,左家塘,2004年建成
财富时代,"('6836', '元/m')",90天成交0套,5套正在出租,雨花,左家塘,1998年建成
二十三冶宿舍,"('6874', '元/m')",90天成交0套,0套正在出租,雨花,雨花亭,未知年建成
高桥长建市场,"('6875', '元/m')",90天成交1套,2套正在出租,雨花,左家塘,1990年建成
湖工家园,"('6877', '元/m')",90天成交2套,4套正在出租,雨花,赤岗冲,1988年建成
中南家园西区,"('6877', '元/m')",90天成交0套,5套正在出租,雨花,武广新城,1980年建成
星悦小区,"('6877', '元/m')",90天成交0套,0套正在出租,雨花,赤岗冲,2000年建成
正圆小区 ,"('6880', '元/m')",90天成交3套,14套正在出租,雨花,树木岭,1984年建成
电视机厂北苑小区,"('6881', '元/m')",90天成交0套,2套正在出租,雨花,铁道学院,1989年建成
安居楼,"('6881', '元/m')",90天成交0套,3套正在出租,雨花,赤岗冲,1990年建成
人才楼,"('6885', '元/m')",90天成交0套,1套正在出租,雨花,井湾子,1994年建成
金港湾,"('6886', '元/m')",90天成交0套,0套正在出租,雨花,窑岭,2002年建成
融城花苑,"('6886', '元/m')",90天成交2套,4套正在出租,雨花,井湾子,2003年建成
茶馆屋,"('6889', '元/m')",90天成交1套,7套正在出租,雨花,雨花亭,1996年建成
湖南省地质测试研究院宿舍,"('6890', '元/m')",90天成交0套,2套正在出租,雨花,东塘,未知年建成
电位器厂小区,"('6890', '元/m')",90天成交0套,2套正在出租,雨花,铁道学院,1989年建成
白沙啤酒公寓,"('6894', '元/m')",90天成交0套,4套正在出租,雨花,雨花亭,1995年建成
省有色冶金劳保所宿舍,"('6898', '元/m')",90天成交0套,2套正在出租,雨花,树木岭,2004年建成
文体宿舍,"('6899', '元/m')",90天成交0套,1套正在出租,雨花,桂花村,未知年建成
建安宿舍,"('6919', '元/m')",90天成交0套,1套正在出租,雨花,窑岭,未知年建成
长电宿舍,"('6925', '元/m')",90天成交0套,10套正在出租,雨花,雨花亭,1991年建成
红旗雅居,"('6927', '元/m')",90天成交0套,1套正在出租,雨花,东塘,未知年建成
凤凰商贸城,"('6928', '元/m')",90天成交0套,5套正在出租,雨花,左家塘,1998年建成
路桥社区,"('6929', '元/m')",90天成交3套,22套正在出租,雨花,韶山南路,1993年建成
中意花苑,"('6929', '元/m')",90天成交3套,5套正在出租,雨花,左家塘,1997年建成
赤新路52号,"('6931', '元/m')",90天成交0套,0套正在出租,雨花,左家塘,未知年建成
电力宾馆宿舍,"('6935', '元/m')",90天成交1套,2套正在出租,雨花,左家塘,1990年建成
湘粮机械厂宿舍,"('6936', '元/m')",90天成交0套,4套正在出租,雨花,左家塘,1989年建成
税务宿舍,"('6947', '元/m')",90天成交0套,0套正在出租,雨花,桂花村,未知年建成
锻压小区,"('6951', '元/m')",90天成交0套,1套正在出租,雨花,赤岗冲,1971年建成
雅塘村小区,"('6959', '元/m')",90天成交0套,0套正在出租,雨花,韶山南路,1991年建成
丹桂雅苑,"('6960', '元/m')",90天成交0套,1套正在出租,雨花,左家塘,2000年建成
汇达大厦,"('6961', '元/m')",90天成交1套,11套正在出租,雨花,高桥,2012年建成
塑料公司宿舍,"('6963', '元/m')",90天成交2套,1套正在出租,雨花,左家塘,1992年建成
吉联公寓,"('6974', '元/m')",90天成交1套,1套正在出租,雨花,武广新城,2003年建成
标准件总厂宿舍,"('6976', '元/m')",90天成交0套,4套正在出租,雨花,赤岗冲,1994年建成
中航长沙设计研究院宿舍,"('6979', '元/m')",90天成交0套,3套正在出租,雨花,韶山南路,1978年建成
华翼府,"('6982', '元/m')",90天成交0套,17套正在出租,雨花,韶山南路,1990年建成
蔬菜宿舍,"('6988', '元/m')",90天成交0套,1套正在出租,雨花,桂花村,未知年建成
建设银行宿舍,"('7002', '元/m')",90天成交0套,0套正在出租,雨花,韶山南路,1995年建成
白沙苑,"('7003', '元/m')",90天成交2套,13套正在出租,雨花,雨花亭,2000年建成
输变电厂宿舍,"('7006', '元/m')",90天成交0套,0套正在出租,雨花,井湾子,未知年建成
振业小区,"('7009', '元/m')",90天成交0套,1套正在出租,雨花,桂花村,1990年建成
汇富中心,"('7010', '元/m')",90天成交0套,23套正在出租,雨花,窑岭,2000年建成
煤炭设计院宿舍,"('7018', '元/m')",90天成交0套,4套正在出租,雨花,窑岭,1998年建成
景湾小区东区,"('7019', '元/m')",90天成交0套,9套正在出租,雨花,喜盈门,2003年建成
窑岭村,"('7026', '元/m')",90天成交0套,1套正在出租,雨花,窑岭,1995年建成
上河国际A区,"('7035', '元/m')",90天成交0套,10套正在出租,雨花,高桥,2007年建成
湖南省女子监狱宿舍,"('7036', '元/m')",90天成交0套,6套正在出租,雨花,喜盈门,1981年建成
2076至高点,"('7037', '元/m')",90天成交0套,17套正在出租,雨花,左家塘,2008年建成
赤岗社区,"('7042', '元/m')",90天成交6套,8套正在出租,雨花,左家塘,1987年建成
高升家园B区,"('7045', '元/m')",90天成交0套,4套正在出租,雨花,德思勤,2004年建成
新城农博公寓,"('7046', '元/m')",90天成交0套,0套正在出租,雨花,德思勤,2006年建成
湖南省农村能源办公室宿舍,"('7052', '元/m')",90天成交0套,0套正在出租,雨花,桂花村,1985年建成
二十三冶家属小区,"('7060', '元/m')",90天成交0套,1套正在出租,雨花,喜盈门,1998年建成
湖南省第五工程有限公司长沙基地,"('7064', '元/m')",90天成交0套,1套正在出租,雨花,武广新城,1990年建成
湖橡宿舍,"('7068', '元/m')",90天成交3套,7套正在出租,雨花,窑岭,1985年建成
红旗区二片,"('7070', '元/m')",90天成交2套,10套正在出租,雨花,窑岭,1985年建成
省生物药厂宿舍,"('7072', '元/m')",90天成交0套,6套正在出租,雨花,左家塘,2000年建成
省医疗器械药品公司宿舍,"('7072', '元/m')",90天成交0套,1套正在出租,雨花,东塘,1998年建成
长钢社区,"('7076', '元/m')",90天成交3套,2套正在出租,雨花,桂花村,1994年建成
雨花区农行宿舍,"('7086', '元/m')",90天成交0套,0套正在出租,雨花,窑岭,1985年建成
莲湖建材市场,"('7087', '元/m')",90天成交3套,10套正在出租,雨花,井湾子,2006年建成
曾家湾巷20号,"('7093', '元/m')",90天成交0套,0套正在出租,雨花,桂花村,1990年建成
交警宿舍,"('7095', '元/m')",90天成交0套,4套正在出租,雨花,高桥,1995年建成
国家林业局中南林业调查规划设计院,"('7105', '元/m')",90天成交0套,2套正在出租,雨花,武广新城,1990年建成
长重社区,"('7105', '元/m')",90天成交2套,2套正在出租,雨花,赤岗冲,1976年建成
上河国际F区,"('7105', '元/m')",90天成交1套,28套正在出租,雨花,高桥,2007年建成
省烟曹家坡宿舍,"('7109', '元/m')",90天成交0套,1套正在出租,雨花,左家塘,未知年建成
中铁五局宿舍楼,"('7110', '元/m')",90天成交0套,5套正在出租,雨花,德思勤,1990年建成
五凌公司职工宿舍,"('7112', '元/m')",90天成交0套,1套正在出租,雨花,雨花亭,2001年建成
公交小区(雨花),"('7118', '元/m')",90天成交0套,3套正在出租,雨花,东塘,1982年建成
城建科研宿舍,"('7119', '元/m')",90天成交0套,1套正在出租,雨花,东塘,1990年建成
洞井一小区,"('7121', '元/m')",90天成交0套,2套正在出租,雨花,德思勤,1985年建成
春风小区,"('7127', '元/m')",90天成交0套,1套正在出租,雨花,桂花村,未知年建成
中天佳园,"('7133', '元/m')",90天成交0套,0套正在出租,雨花,汽车南站,2003年建成
雨花区军培巷48号,"('7134', '元/m')",90天成交0套,1套正在出租,雨花,左家塘,1994年建成
林苑,"('7144', '元/m')",90天成交0套,3套正在出租,雨花,韶山南路,1990年建成
环保科技大院,"('7145', '元/m')",90天成交0套,0套正在出租,雨花,喜盈门,2000年建成
翠林雅苑,"('7146', '元/m')",90天成交1套,3套正在出租,雨花,赤岗冲,2005年建成
荣安宿舍,"('7149', '元/m')",90天成交0套,2套正在出租,雨花,东塘,未知年建成
公路管理局城郊分局宿舍,"('7151', '元/m')",90天成交0套,3套正在出租,雨花,雨花亭,1990年建成
井湾路273号,"('7154', '元/m')",90天成交0套,0套正在出租,雨花,韶山南路,2007年建成
赤岗社区市政宿舍,"('7161', '元/m')",90天成交0套,0套正在出租,雨花,左家塘,1998年建成
湘江航运宿舍,"('7164', '元/m')",90天成交0套,1套正在出租,雨花,东塘,未知年建成
金地社区,"('7165', '元/m')",90天成交0套,21套正在出租,雨花,雨花亭,1978年建成
曾家湾13号生活区,"('7175', '元/m')",90天成交1套,2套正在出租,雨花,桂花村,1992年建成
市糖酒公司宿舍,"('7176', '元/m')",90天成交0套,1套正在出租,雨花,东塘,未知年建成
景湾小区西区,"('7181', '元/m')",90天成交3套,6套正在出租,雨花,韶山南路,2004年建成
天韵家园,"('7182', '元/m')",90天成交1套,3套正在出租,雨花,左家塘,2000年建成
鄱阳小区,"('7190', '元/m')",90天成交10套,23套正在出租,雨花,汽车南站,1995年建成
变压器宿舍,"('7196', '元/m')",90天成交1套,3套正在出租,雨花,雨花亭,1993年建成
莲湖汽车饰品城小区,"('7196', '元/m')",90天成交0套,2套正在出租,雨花,喜盈门,2008年建成
华顺大厦,"('7196', '元/m')",90天成交0套,1套正在出租,雨花,雨花亭,1992年建成
红旗区三片,"('7204', '元/m')",90天成交0套,5套正在出租,雨花,东塘,1982年建成
青年汇,"('7207', '元/m')",90天成交2套,4套正在出租,雨花,跳马,2005年建成
湖南省委党校湖南行政学院生活区,"('7225', '元/m')",90天成交1套,3套正在出租,雨花,韶山南路,1998年建成
龙吉湾小区,"('7228', '元/m')",90天成交4套,10套正在出租,雨花,树木岭,1998年建成
物华大院,"('7229', '元/m')",90天成交0套,1套正在出租,雨花,窑岭,1993年建成
联运公司宿舍,"('7232', '元/m')",90天成交0套,1套正在出租,雨花,赤岗冲,1991年建成
中江锦城,"('7234', '元/m')",90天成交1套,8套正在出租,雨花,高桥,2000年建成
中级人民法院宿舍,"('7237', '元/m')",90天成交0套,0套正在出租,雨花,左家塘,未知年建成
城開大厦,"('7238', '元/m')",90天成交0套,1套正在出租,雨花,雨花亭,1998年建成
轻工建设公司,"('7243', '元/m')",90天成交0套,0套正在出租,雨花,赤岗冲,1979年建成
湖南省勘测设计院,"('7245', '元/m')",90天成交1套,0套正在出租,雨花,武广新城,1987年建成
造纸印刷公司宿舍,"('7247', '元/m')",90天成交1套,2套正在出租,雨花,东塘,2006年建成
长远华樟名府,"('7249', '元/m')",90天成交1套,51套正在出租,雨花,尚东,1990年建成
雅兰小筑,"('7256', '元/m')",90天成交0套,0套正在出租,雨花,韶山南路,2009年建成
赤岗冲公寓,"('7258', '元/m')",90天成交0套,1套正在出租,雨花,雨花亭,1999年建成
营山巷,"('7259', '元/m')",90天成交0套,3套正在出租,雨花,左家塘,1990年建成
新点苑,"('7264', '元/m')",90天成交1套,11套正在出租,雨花,韶山南路,2002年建成
阿弥岭033号,"('7286', '元/m')",90天成交0套,0套正在出租,雨花,桂花村,1997年建成
星城新宇川河苑,"('7286', '元/m')",90天成交1套,2套正在出租,雨花,武广新城,2019年建成
桔园经典,"('7287', '元/m')",90天成交1套,5套正在出租,雨花,雨花亭,2007年建成
海华锦园,"('7288', '元/m')",90天成交0套,3套正在出租,雨花,东塘,2001年建成
稀土研究院宿舍,"('7290', '元/m')",90天成交0套,1套正在出租,雨花,树木岭,1998年建成
老干局宿舍,"('7290', '元/m')",90天成交0套,0套正在出租,雨花,东塘,未知年建成
爱地林苑,"('7292', '元/m')",90天成交0套,3套正在出租,雨花,韶山南路,2001年建成
中建五局,"('7292', '元/m')",90天成交0套,0套正在出租,雨花,韶山南路,2007年建成
省烟草局宿舍,"('7298', '元/m')",90天成交0套,1套正在出租,雨花,左家塘,1990年建成
燕果塘,"('7299', '元/m')",90天成交0套,3套正在出租,雨花,东塘,2001年建成
亚商国际,"('7311', '元/m')",90天成交1套,62套正在出租,雨花,德思勤,2000年建成
黎郡新宇太和园,"('7313', '元/m')",90天成交1套,0套正在出租,雨花,武广新城,2010年建成
桂花二村,"('7317', '元/m')",90天成交3套,6套正在出租,雨花,桂花村,1985年建成
深业堤亚纳湾一期,"('11535', '元/m')",90天成交2套,11套正在出租,开福,金霞,2009年建成
奥克大厦,"('12233', '元/m')",90天成交0套,3套正在出租,开福,烈士公园,2005年建成
汇城花园,"('11874', '元/m')",90天成交0套,5套正在出租,开福,烈士公园,2001年建成
刘家冲长铁,"('8679', '元/m')",90天成交0套,1套正在出租,开福,烈士公园,1995年建成
盛世荷园,"('15107', '元/m')",90天成交1套,8套正在出租,开福,伍家岭,2007年建成
建鸿达现代公寓,"('9245', '元/m')",90天成交0套,28套正在出租,开福,烈士公园,2007年建成
江滨玫瑰园,"('7988', '元/m')",90天成交0套,20套正在出租,开福,湘江世纪城,2000年建成
湘瓷宿舍,"('6816', '元/m')",90天成交0套,3套正在出租,开福,北辰三角洲,1995年建成
五一中央领御,"('11871', '元/m')",90天成交0套,5套正在出租,开福,松桂园,2000年建成
万国城MOMA一期,"('10008', '元/m')",90天成交12套,33套正在出租,开福,福元西路,2007年建成
宜家湘颂,"('10287', '元/m')",90天成交0套,4套正在出租,开福,四方坪,2001年建成
世纪城赏江苑,"('11800', '元/m')",90天成交3套,20套正在出租,开福,湘江世纪城,2006年建成
市政协宿舍,"('6820', '元/m')",90天成交0套,3套正在出租,开福,烈士公园,1993年建成
世纪城悦江苑,"('13315', '元/m')",90天成交7套,64套正在出租,开福,湘江世纪城,2010年建成
东风一村,"('7215', '元/m')",90天成交5套,46套正在出租,开福,烈士公园,1989年建成
公园西郡,"('11908', '元/m')",90天成交0套,1套正在出租,开福,烈士公园,2010年建成
香樟雅郡,"('10447', '元/m')",90天成交2套,9套正在出租,开福,四方坪,2008年建成
如果爱,"('8072', '元/m')",90天成交1套,20套正在出租,开福,四方坪,2000年建成
陈家湖小区,"('7918', '元/m')",90天成交1套,16套正在出租,开福,北辰三角洲,1979年建成
北辰三角洲E6区,"('17167', '元/m')",90天成交14套,39套正在出租,开福,北辰三角洲,2000年建成
金霞银园,"('8433', '元/m')",90天成交0套,7套正在出租,开福,金霞,2010年建成
新时代广场,"('8653', '元/m')",90天成交0套,25套正在出租,开福,烈士公园,2009年建成
上林紫郡,"('11010', '元/m')",90天成交2套,12套正在出租,开福,四方坪,2012年建成
名富公寓,"('7686', '元/m')",90天成交4套,68套正在出租,开福,伍家岭,2002年建成
长泰豪园,"('17289', '元/m')",90天成交0套,2套正在出租,开福,湘江世纪城,2005年建成
陡岭小区,"('6702', '元/m')",90天成交0套,3套正在出租,开福,四方坪,1998年建成
标志商务楼,"('9261', '元/m')",90天成交0套,7套正在出租,开福,烈士公园,2011年建成
华龙公馆,"('8465', '元/m')",90天成交0套,4套正在出租,开福,四方坪,2000年建成
御景龙城,"('7398', '元/m')",90天成交2套,23套正在出租,开福,广电,1998年建成
钱隆国际,"('11173', '元/m')",90天成交0套,30套正在出租,开福,金霞,2017年建成
邮政宿舍,"('6464', '元/m')",90天成交0套,1套正在出租,开福,北辰三角洲,2002年建成
湖南金蜂音像出版社宿舍,"('6544', '元/m')",90天成交0套,1套正在出租,开福,烈士公园,未知年建成
造漆宿舍,"('6547', '元/m')",90天成交1套,4套正在出租,开福,四方坪,1991年建成
金隆小区,"('6549', '元/m')",90天成交1套,3套正在出租,开福,烈士公园,1986年建成
浏阳河路110号,"('6557', '元/m')",90天成交0套,0套正在出租,开福,四方坪,1995年建成
伍家岭派出所宿舍,"('6563', '元/m')",90天成交0套,0套正在出租,开福,四方坪,1987年建成
汽电宿舍（东风路上大垅汽电宿舍）,"('6568', '元/m')",90天成交0套,12套正在出租,开福,烈士公园,1980年建成
戥子桥小区,"('6578', '元/m')",90天成交0套,0套正在出租,开福,松桂园,1997年建成
黑石渡后街10号,"('6587', '元/m')",90天成交0套,0套正在出租,开福,四方坪,2005年建成
伍家岭电信宿舍,"('6599', '元/m')",90天成交0套,2套正在出租,开福,伍家岭,2000年建成
环城堤综合楼,"('6600', '元/m')",90天成交0套,5套正在出租,开福,松桂园,1993年建成
新河家具城,"('6607', '元/m')",90天成交0套,1套正在出租,开福,伍家岭,1990年建成
兴通商住楼,"('6614', '元/m')",90天成交0套,3套正在出租,开福,烈士公园,1994年建成
浏河村社区,"('6640', '元/m')",90天成交0套,2套正在出租,开福,烈士公园,2000年建成
新运公寓,"('6647', '元/m')",90天成交0套,1套正在出租,开福,伍家岭,1992年建成
楠熙筱苑,"('6669', '元/m')",90天成交1套,9套正在出租,开福,青竹湖,2012年建成
龙福小区,"('6673', '元/m')",90天成交0套,3套正在出租,开福,金霞,2000年建成
毛家桥水果市场,"('6673', '元/m')",90天成交1套,20套正在出租,开福,广电,1996年建成
王家垅长铁,"('6691', '元/m')",90天成交2套,5套正在出租,开福,烈士公园,1986年建成
陡岭小区,"('6702', '元/m')",90天成交0套,3套正在出租,开福,四方坪,1998年建成
蒋家垅社区,"('6712', '元/m')",90天成交2套,18套正在出租,开福,四方坪,1982年建成
市场楼,"('6728', '元/m')",90天成交0套,0套正在出租,开福,烈士公园,1991年建成
消防小区,"('6737', '元/m')",90天成交0套,1套正在出租,开福,四方坪,1996年建成
丝茅冲工商银行宿舍,"('6745', '元/m')",90天成交0套,0套正在出租,开福,四方坪,未知年建成
湘瓷宿舍,"('6816', '元/m')",90天成交0套,3套正在出租,开福,北辰三角洲,1995年建成
冷库宿舍（东风路上大垅冷库宿舍）,"('6817', '元/m')",90天成交0套,2套正在出租,开福,烈士公园,1991年建成
市政协宿舍,"('6820', '元/m')",90天成交0套,3套正在出租,开福,烈士公园,1993年建成
绸厂宿舍,"('6835', '元/m')",90天成交1套,2套正在出租,开福,烈士公园,1977年建成
人大宿舍,"('6854', '元/m')",90天成交1套,2套正在出租,开福,烈士公园,1992年建成
金帆小区,"('6865', '元/m')",90天成交4套,45套正在出租,开福,四方坪,1990年建成
环卫宿舍,"('6912', '元/m')",90天成交0套,0套正在出租,开福,四方坪,1992年建成
寿星街76,"('6931', '元/m')",90天成交0套,0套正在出租,开福,伍家岭,1990年建成
彭家井,"('6937', '元/m')",90天成交1套,3套正在出租,开福,伍家岭,1992年建成
友阿宿舍,"('6939', '元/m')",90天成交1套,0套正在出租,开福,烈士公园,1986年建成
丽臣小区,"('6955', '元/m')",90天成交0套,0套正在出租,开福,烈士公园,1990年建成
伍家岭生活广场,"('6983', '元/m')",90天成交2套,35套正在出租,开福,四方坪,2001年建成
羽绒厂宿舍,"('6992', '元/m')",90天成交0套,0套正在出租,开福,四方坪,1986年建成
新风街,"('6993', '元/m')",90天成交0套,0套正在出租,开福,伍家岭,未知年建成
蔬菜公司宿舍,"('7005', '元/m')",90天成交0套,1套正在出租,开福,烈士公园,未知年建成
德雅苑,"('7031', '元/m')",90天成交1套,5套正在出租,开福,烈士公园,2006年建成
文昌阁,"('7033', '元/m')",90天成交1套,0套正在出租,开福,伍家岭,1993年建成
制药厂宿舍,"('7038', '元/m')",90天成交0套,0套正在出租,开福,烈士公园,1990年建成
北开宿舍,"('7063', '元/m')",90天成交0套,0套正在出租,开福,四方坪,1986年建成
药材宿舍,"('7076', '元/m')",90天成交0套,1套正在出租,开福,烈士公园,1999年建成
邮电四巷,"('7077', '元/m')",90天成交0套,2套正在出租,开福,四方坪,1988年建成
石油厂小区,"('7079', '元/m')",90天成交0套,0套正在出租,开福,四方坪,1992年建成
红星美凯龙,"('7082', '元/m')",90天成交0套,0套正在出租,开福,金霞,2015年建成
豪菲斯国际公寓,"('7091', '元/m')",90天成交0套,12套正在出租,开福,烈士公园,2005年建成
邮电宿舍,"('7095', '元/m')",90天成交0套,3套正在出租,开福,烈士公园,1995年建成
潮宗街社区,"('7098', '元/m')",90天成交0套,2套正在出租,开福,松桂园,1990年建成
紫荆花园,"('7121', '元/m')",90天成交0套,3套正在出租,开福,烈士公园,1992年建成
戥子桥,"('7125', '元/m')",90天成交0套,2套正在出租,开福,松桂园,未知年建成
药材宿舍,"('7131', '元/m')",90天成交0套,0套正在出租,开福,烈士公园,1992年建成
建湘新村,"('7138', '元/m')",90天成交0套,13套正在出租,开福,烈士公园,1966年建成
竹满人家,"('7143', '元/m')",90天成交2套,3套正在出租,开福,四方坪,2007年建成
农机局宿舍,"('7147', '元/m')",90天成交0套,0套正在出租,开福,烈士公园,1993年建成
汽电宿舍,"('7166', '元/m')",90天成交0套,6套正在出租,开福,烈士公园,1965年建成
铁路宿舍,"('7166', '元/m')",90天成交0套,3套正在出租,开福,烈士公园,1988年建成
建安楼宿舍,"('7176', '元/m')",90天成交0套,0套正在出租,开福,烈士公园,1990年建成
轩辕殿居民楼,"('7178', '元/m')",90天成交0套,0套正在出租,开福,松桂园,未知年建成
羽毛厂宿舍,"('7182', '元/m')",90天成交0套,1套正在出租,开福,四方坪,1988年建成
湘春路社区,"('7198', '元/m')",90天成交0套,4套正在出租,开福,伍家岭,1992年建成
胜利小区,"('7205', '元/m')",90天成交0套,0套正在出租,开福,烈士公园,1990年建成
王家垅,"('7206', '元/m')",90天成交1套,11套正在出租,开福,烈士公园,1972年建成
工美大厦,"('7206', '元/m')",90天成交0套,2套正在出租,开福,烈士公园,2002年建成
汽车城宿舍,"('7208', '元/m')",90天成交0套,6套正在出租,开福,烈士公园,1996年建成
邮电工程局宿舍,"('7212', '元/m')",90天成交0套,0套正在出租,开福,烈士公园,1994年建成
东风一村,"('7215', '元/m')",90天成交5套,46套正在出租,开福,烈士公园,1989年建成
蚌塘社区,"('7218', '元/m')",90天成交1套,4套正在出租,开福,烈士公园,1983年建成
湘粮国际,"('7229', '元/m')",90天成交0套,19套正在出租,开福,青竹湖,2020年建成
东风二村,"('7233', '元/m')",90天成交2套,14套正在出租,开福,烈士公园,1990年建成
新城和樾,"('7241', '元/m')",90天成交1套,117套正在出租,开福,金霞,2000年建成
开福寺,"('7244', '元/m')",90天成交0套,2套正在出租,开福,伍家岭,1994年建成
德邦新村,"('7256', '元/m')",90天成交0套,2套正在出租,开福,四方坪,2003年建成
国庆新村,"('7271', '元/m')",90天成交4套,4套正在出租,开福,烈士公园,1989年建成
周南生活园,"('7276', '元/m')",90天成交0套,0套正在出租,开福,金霞,2005年建成
植物油厂宿舍,"('7277', '元/m')",90天成交0套,5套正在出租,开福,北辰三角洲,1990年建成
长沙市中心医院分院宿舍,"('7303', '元/m')",90天成交0套,1套正在出租,开福,伍家岭,1981年建成
金象家园,"('7305', '元/m')",90天成交0套,0套正在出租,开福,烈士公园,2007年建成
枫林小区(开福),"('7309', '元/m')",90天成交2套,1套正在出租,开福,伍家岭,1993年建成
百善台小区,"('7311', '元/m')",90天成交1套,1套正在出租,开福,伍家岭,1984年建成
德雅路312号,"('7315', '元/m')",90天成交0套,0套正在出租,开福,烈士公园,未知年建成
新奥燃气宿舍,"('7316', '元/m')",90天成交0套,1套正在出租,开福,伍家岭,2003年建成
崇文里8号,"('7361', '元/m')",90天成交0套,0套正在出租,开福,伍家岭,未知年建成
劳动局宿舍,"('7378', '元/m')",90天成交0套,1套正在出租,开福,伍家岭,1992年建成
德雅路华昌宿舍,"('7380', '元/m')",90天成交0套,0套正在出租,开福,烈士公园,未知年建成
金达家园,"('7387', '元/m')",90天成交0套,4套正在出租,开福,烈士公园,2004年建成
御景龙城,"('7398', '元/m')",90天成交2套,23套正在出租,开福,广电,1998年建成
银港佳园,"('7424', '元/m')",90天成交0套,1套正在出租,开福,金霞,2004年建成
上新村,"('7428', '元/m')",90天成交0套,6套正在出租,开福,烈士公园,1991年建成
汇龙公寓,"('7430', '元/m')",90天成交0套,0套正在出租,开福,烈士公园,2007年建成
机务公寓,"('7434', '元/m')",90天成交0套,0套正在出租,开福,烈士公园,1999年建成
下麻园岭,"('7434', '元/m')",90天成交1套,2套正在出租,开福,伍家岭,1990年建成
洪山家园,"('7436', '元/m')",90天成交3套,20套正在出租,开福,福元西路,1997年建成
福城社区23片,"('7444', '元/m')",90天成交0套,0套正在出租,开福,开福区政府,未知年建成
幸福桥社区,"('7449', '元/m')",90天成交0套,1套正在出租,开福,伍家岭,1994年建成
东风一村社区302库宿舍,"('7457', '元/m')",90天成交0套,1套正在出租,开福,烈士公园,1993年建成
工农街,"('7460', '元/m')",90天成交0套,4套正在出租,开福,伍家岭,未知年建成
景园,"('7468', '元/m')",90天成交0套,3套正在出租,开福,烈士公园,1989年建成
恒大林溪郡,"('7471', '元/m')",90天成交0套,10套正在出租,开福,青竹湖,2009年建成
交通银行宿舍,"('7477', '元/m')",90天成交0套,2套正在出租,开福,伍家岭,1991年建成
时代先锋,"('7479', '元/m')",90天成交0套,43套正在出租,开福,四方坪,2000年建成
雅雀湖小区,"('7500', '元/m')",90天成交0套,10套正在出租,开福,四方坪,2000年建成
文昌阁街87号,"('7500', '元/m')",90天成交0套,0套正在出租,开福,伍家岭,未知年建成
湖南六建联兴施工责任有限公司,"('7500', '元/m')",90天成交0套,3套正在出租,开福,四方坪,1998年建成
长沙市开福区教师村,"('7504', '元/m')",90天成交0套,5套正在出租,开福,月湖,1998年建成
土产宿舍,"('7505', '元/m')",90天成交0套,3套正在出租,开福,四方坪,1999年建成
青竹湖太阳星城二期,"('7533', '元/m')",90天成交0套,1套正在出租,开福,青竹湖,2016年建成
朝正美苑,"('7536', '元/m')",90天成交0套,14套正在出租,开福,广电,2013年建成
金回,"('7537', '元/m')",90天成交0套,0套正在出租,开福,烈士公园,未知年建成
吉景小区,"('7550', '元/m')",90天成交1套,10套正在出租,开福,松桂园,1992年建成
长沙联运物流有限公司宿舍,"('7558', '元/m')",90天成交0套,2套正在出租,开福,伍家岭,1995年建成
毛家桥街232号,"('7562', '元/m')",90天成交0套,0套正在出租,开福,伍家岭,未知年建成
金霞苑,"('7604', '元/m')",90天成交0套,2套正在出租,开福,湘江世纪城,2007年建成
新二村,"('7619', '元/m')",90天成交0套,9套正在出租,开福,烈士公园,1996年建成
七中教师村,"('7631', '元/m')",90天成交0套,2套正在出租,开福,烈士公园,1999年建成
湖绸宿舍,"('7633', '元/m')",90天成交0套,2套正在出租,开福,烈士公园,1995年建成
广福园,"('7638', '元/m')",90天成交0套,46套正在出租,开福,开福区政府,2002年建成
阳光花园,"('7659', '元/m')",90天成交0套,8套正在出租,开福,四方坪,1999年建成
盐道坪社区,"('7672', '元/m')",90天成交0套,2套正在出租,开福,松桂园,1992年建成
长沙市花鼓戏剧院,"('7678', '元/m')",90天成交0套,3套正在出租,开福,伍家岭,1998年建成
动力南院,"('7680', '元/m')",90天成交0套,3套正在出租,开福,伍家岭,1997年建成
邮电文明社区,"('7681', '元/m')",90天成交0套,6套正在出租,开福,烈士公园,1996年建成
法院宿舍,"('7683', '元/m')",90天成交0套,2套正在出租,开福,烈士公园,1991年建成
名富公寓,"('7686', '元/m')",90天成交4套,68套正在出租,开福,伍家岭,2002年建成
湘安宿舍,"('7695', '元/m')",90天成交0套,0套正在出租,开福,伍家岭,1981年建成
德雅路社区物业服务中心,"('7708', '元/m')",90天成交0套,0套正在出租,开福,烈士公园,2000年建成
陈家湖社区羽绒宿舍,"('7709', '元/m')",90天成交0套,0套正在出租,开福,北辰三角洲,2000年建成
振湘小区,"('7718', '元/m')",90天成交0套,4套正在出租,开福,四方坪,1993年建成
益安公寓,"('7736', '元/m')",90天成交0套,0套正在出租,开福,福元西路,2014年建成
长沙大学,"('7757', '元/m')",90天成交0套,0套正在出租,开福,广电,1997年建成
富兴旺角,"('7760', '元/m')",90天成交0套,18套正在出租,开福,广电,2015年建成
机电宿舍,"('7761', '元/m')",90天成交0套,3套正在出租,开福,烈士公园,1980年建成
二轻宿舍小区,"('7771', '元/m')",90天成交0套,1套正在出租,开福,松桂园,未知年建成
草墙湾巷100号,"('7772', '元/m')",90天成交0套,0套正在出租,开福,伍家岭,2000年建成
招标局宿舍,"('7775', '元/m')",90天成交0套,5套正在出租,开福,烈士公园,2000年建成
北桥新村136号,"('7776', '元/m')",90天成交0套,0套正在出租,开福,伍家岭,未知年建成
群力里小区,"('7794', '元/m')",90天成交0套,0套正在出租,开福,伍家岭,未知年建成
陈家湖江南苑,"('7802', '元/m')",90天成交0套,3套正在出租,开福,北辰三角洲,1990年建成
滨河嘉园,"('7825', '元/m')",90天成交1套,12套正在出租,开福,福元西路,未知年建成
芙蓉北路一段880号,"('7842', '元/m')",90天成交0套,0套正在出租,开福,开福区政府,1990年建成
学宫街,"('7848', '元/m')",90天成交0套,3套正在出租,开福,伍家岭,1993年建成
雅泰家园,"('7858', '元/m')",90天成交1套,4套正在出租,开福,四方坪,2004年建成
油铺街社区,"('7865', '元/m')",90天成交0套,2套正在出租,开福,伍家岭,1982年建成
丰泰苑,"('7873', '元/m')",90天成交0套,1套正在出租,开福,烈士公园,2004年建成
毛家桥,"('7880', '元/m')",90天成交0套,4套正在出租,开福,伍家岭,1979年建成
北湾景园,"('7882', '元/m')",90天成交0套,8套正在出租,开福,金霞,2006年建成
中行上大垅宿舍,"('7886', '元/m')",90天成交0套,0套正在出租,开福,烈士公园,1990年建成
大王家巷11-21号,"('7909', '元/m')",90天成交0套,0套正在出租,开福,伍家岭,2001年建成
学府华庭,"('7911', '元/m')",90天成交5套,13套正在出租,开福,广电,2000年建成
新铁路宿舍,"('7912', '元/m')",90天成交0套,0套正在出租,开福,烈士公园,1991年建成
福嘉园,"('7916', '元/m')",90天成交1套,2套正在出租,开福,广电,2000年建成
陈家湖小区,"('7918', '元/m')",90天成交1套,16套正在出租,开福,北辰三角洲,1979年建成
丽臣公寓,"('7920', '元/m')",90天成交0套,0套正在出租,开福,烈士公园,2000年建成
华江乐天花亭,"('7927', '元/m')",90天成交1套,6套正在出租,开福,金霞,2000年建成
明德北院,"('7958', '元/m')",90天成交0套,0套正在出租,开福,伍家岭,1990年建成
胜利社区,"('7965', '元/m')",90天成交0套,2套正在出租,开福,四方坪,2000年建成
丽都苑,"('7970', '元/m')",90天成交0套,4套正在出租,开福,四方坪,未知年建成
博派锦绣兰亭,"('7972', '元/m')",90天成交0套,3套正在出租,开福,中南汽车世界,2014年建成
德雅精品公寓,"('7974', '元/m')",90天成交0套,1套正在出租,开福,烈士公园,2000年建成
衡清里,"('7979', '元/m')",90天成交0套,2套正在出租,开福,松桂园,未知年建成
便河边社区,"('7980', '元/m')",90天成交0套,11套正在出租,开福,烈士公园,1995年建成
韵景商居,"('7986', '元/m')",90天成交0套,0套正在出租,开福,伍家岭,1999年建成
江滨玫瑰园,"('7988', '元/m')",90天成交0套,20套正在出租,开福,湘江世纪城,2000年建成
联运公司宿舍90号,"('7994', '元/m')",90天成交0套,0套正在出租,开福,烈士公园,未知年建成
东风二村社区煤炭宿舍,"('7998', '元/m')",90天成交0套,0套正在出租,开福,烈士公园,2000年建成
陈家湖小区豆奶厂,"('8024', '元/m')",90天成交0套,0套正在出租,开福,北辰三角洲,未知年建成
景香苑,"('8027', '元/m')",90天成交1套,17套正在出租,开福,开福区政府,2006年建成
富雅坪,"('8034', '元/m')",90天成交0套,0套正在出租,开福,伍家岭,1992年建成
京辰公寓,"('8036', '元/m')",90天成交0套,0套正在出租,开福,伍家岭,1999年建成
司马里27号,"('8038', '元/m')",90天成交0套,0套正在出租,开福,松桂园,未知年建成
车站北路316号,"('8059', '元/m')",90天成交0套,0套正在出租,开福,四方坪,2000年建成
极目楚天,"('8065', '元/m')",90天成交2套,4套正在出租,开福,金霞,2012年建成
东风路五条巷,"('8068', '元/m')",90天成交0套,3套正在出租,开福,烈士公园,1984年建成
如果爱,"('8072', '元/m')",90天成交1套,20套正在出租,开福,四方坪,2000年建成
刘家冲附110号,"('8075', '元/m')",90天成交0套,0套正在出租,开福,烈士公园,未知年建成
北桥新村,"('8079', '元/m')",90天成交1套,0套正在出租,开福,伍家岭,1983年建成
粮库,"('8089', '元/m')",90天成交0套,1套正在出租,开福,四方坪,1999年建成
寿星街社区,"('8090', '元/m')",90天成交0套,3套正在出租,开福,松桂园,1995年建成
电杆厂宿舍,"('8107', '元/m')",90天成交0套,0套正在出租,开福,四方坪,未知年建成
油化宿舍,"('8121', '元/m')",90天成交0套,2套正在出租,开福,四方坪,2002年建成
水岸兰庭,"('8125', '元/m')",90天成交1套,10套正在出租,开福,开福区政府,2007年建成
毛巾厂宿舍(湘春路),"('8130', '元/m')",90天成交0套,0套正在出租,开福,伍家岭,未知年建成
营盘路高升坪,"('8134', '元/m')",90天成交0套,0套正在出租,开福,松桂园,1990年建成
华府一航线,"('8144', '元/m')",90天成交0套,21套正在出租,开福,烈士公园,1994年建成
元盛大厦,"('8144', '元/m')",90天成交0套,4套正在出租,开福,松桂园,2002年建成
西园社区大众小区,"('8157', '元/m')",90天成交0套,0套正在出租,开福,伍家岭,1992年建成
上麻园岭社区,"('8171', '元/m')",90天成交0套,8套正在出租,开福,伍家岭,1990年建成
社会科学院,"('8193', '元/m')",90天成交1套,5套正在出租,开福,烈士公园,1995年建成
芭茅洲巷,"('8204', '元/m')",90天成交0套,0套正在出租,开福,伍家岭,未知年建成
九仪里,"('8221', '元/m')",90天成交0套,4套正在出租,开福,伍家岭,未知年建成
湖南省电影公司生活区,"('8227', '元/m')",90天成交0套,0套正在出租,开福,烈士公园,1993年建成
旭日村,"('8242', '元/m')",90天成交0套,0套正在出租,开福,松桂园,1996年建成
湘江中路一段15号,"('8254', '元/m')",90天成交1套,2套正在出租,开福,伍家岭,1990年建成
金色比华利,"('8259', '元/m')",90天成交8套,39套正在出租,开福,月湖,2000年建成
潘家坪路207号,"('8266', '元/m')",90天成交0套,0套正在出租,开福,伍家岭,未知年建成
雅泰花园,"('8272', '元/m')",90天成交1套,8套正在出租,开福,伍家岭,1993年建成
盘乐园,"('8273', '元/m')",90天成交0套,0套正在出租,开福,伍家岭,1982年建成
虹嘉园,"('8281', '元/m')",90天成交0套,2套正在出租,开福,伍家岭,1996年建成
民主西街4号,"('8285', '元/m')",90天成交0套,0套正在出租,开福,伍家岭,未知年建成
金霞湘绣园,"('8298', '元/m')",90天成交1套,12套正在出租,开福,金霞,2006年建成
锦和嘉园,"('8320', '元/m')",90天成交0套,8套正在出租,开福,四方坪,2007年建成
长远大厦,"('8321', '元/m')",90天成交0套,1套正在出租,开福,松桂园,未知年建成
铁路机械化宿舍,"('8322', '元/m')",90天成交0套,1套正在出租,开福,烈士公园,1990年建成
四方小区,"('8327', '元/m')",90天成交1套,15套正在出租,开福,四方坪,2000年建成
潘家坪路225号,"('8329', '元/m')",90天成交0套,0套正在出租,开福,伍家岭,1993年建成
文星桥,"('8334', '元/m')",90天成交0套,4套正在出租,开福,伍家岭,1991年建成
湖湘大市场,"('8336', '元/m')",90天成交0套,1套正在出租,开福,金霞,2008年建成
高升巷,"('8346', '元/m')",90天成交0套,0套正在出租,开福,松桂园,未知年建成
星尚公寓,"('8357', '元/m')",90天成交3套,23套正在出租,开福,四方坪,2008年建成
四纺宿舍小区,"('8360', '元/m')",90天成交0套,0套正在出租,开福,松桂园,1990年建成
君泰城市快线,"('8369', '元/m')",90天成交0套,4套正在出租,开福,四方坪,2010年建成
江景阳光,"('8374', '元/m')",90天成交1套,4套正在出租,开福,金霞,2005年建成
活元桥,"('8384', '元/m')",90天成交1套,9套正在出租,开福,松桂园,1990年建成
交通设计院陈家湖宿舍,"('8388', '元/m')",90天成交2套,8套正在出租,开福,北辰三角洲,1992年建成
美利新世界,"('8397', '元/m')",90天成交12套,30套正在出租,开福,广电,2009年建成
东兴园公寓,"('8406', '元/m')",90天成交0套,0套正在出租,开福,伍家岭,1994年建成
潘家坪路51号,"('8407', '元/m')",90天成交0套,0套正在出租,开福,伍家岭,未知年建成
银海大厦,"('8418', '元/m')",90天成交0套,1套正在出租,开福,松桂园,2000年建成
群芳园,"('8419', '元/m')",90天成交1套,11套正在出租,开福,伍家岭,1994年建成
矛亭子巷,"('8423', '元/m')",90天成交0套,1套正在出租,开福,伍家岭,1992年建成
长沙市金霞小区,"('8430', '元/m')",90天成交0套,8套正在出租,开福,开福区政府,2005年建成
杨家巷,"('8431', '元/m')",90天成交0套,2套正在出租,开福,松桂园,未知年建成
金霞银园,"('8433', '元/m')",90天成交0套,7套正在出租,开福,金霞,2010年建成
刘家冲1号,"('8439', '元/m')",90天成交0套,3套正在出租,开福,烈士公园,2002年建成
长铁下大垅,"('8441', '元/m')",90天成交0套,1套正在出租,开福,烈士公园,1996年建成
邮电工程局甲区,"('8457', '元/m')",90天成交0套,1套正在出租,开福,烈士公园,2000年建成
唐朝大厦,"('8457', '元/m')",90天成交0套,7套正在出租,开福,烈士公园,未知年建成
长春巷9号,"('8461', '元/m')",90天成交0套,0套正在出租,开福,伍家岭,1994年建成
华龙公馆,"('8465', '元/m')",90天成交0套,4套正在出租,开福,四方坪,2000年建成
三维宿舍,"('8492', '元/m')",90天成交0套,0套正在出租,开福,烈士公园,1998年建成
赐闲湖4号,"('8497', '元/m')",90天成交0套,0套正在出租,开福,松桂园,未知年建成
鸿福园,"('8503', '元/m')",90天成交0套,0套正在出租,开福,伍家岭,未知年建成
金地园,"('8536', '元/m')",90天成交1套,12套正在出租,开福,四方坪,2000年建成
新唐家巷2号,"('8538', '元/m')",90天成交0套,1套正在出租,开福,伍家岭,未知年建成
聚福园,"('8549', '元/m')",90天成交0套,7套正在出租,开福,伍家岭,2001年建成
湘江银座,"('8558', '元/m')",90天成交0套,0套正在出租,开福,松桂园,2006年建成
稻谷仓巷29号,"('8565', '元/m')",90天成交0套,1套正在出租,开福,伍家岭,1997年建成
金垅嘉园,"('8588', '元/m')",90天成交0套,4套正在出租,开福,烈士公园,1992年建成
先锋水韵花都,"('8591', '元/m')",90天成交6套,31套正在出租,开福,开福区政府,2007年建成
滨江美寓,"('8597', '元/m')",90天成交1套,19套正在出租,开福,开福区政府,2003年建成
美世界园林公寓,"('8610', '元/m')",90天成交3套,9套正在出租,开福,月湖,2000年建成
汽电厂宿舍,"('8616', '元/m')",90天成交0套,2套正在出租,开福,烈士公园,1986年建成
通华天都,"('8619', '元/m')",90天成交2套,43套正在出租,开福,四方坪,1998年建成
幸福桥巷163号,"('8621', '元/m')",90天成交0套,0套正在出租,开福,伍家岭,未知年建成
湖南财富中心,"('8625', '元/m')",90天成交0套,10套正在出租,开福,伍家岭,2000年建成
开福区国税局宿舍,"('8627', '元/m')",90天成交0套,4套正在出租,开福,四方坪,1998年建成
南天花园,"('8639', '元/m')",90天成交0套,8套正在出租,开福,烈士公园,1998年建成
佘家塘,"('8641', '元/m')",90天成交0套,3套正在出租,开福,伍家岭,1992年建成
新码头,"('8641', '元/m')",90天成交0套,0套正在出租,开福,四方坪,未知年建成
中岭村,"('8649', '元/m')",90天成交0套,0套正在出租,开福,金霞,2008年建成
新时代广场,"('8653', '元/m')",90天成交0套,25套正在出租,开福,烈士公园,2009年建成
科大景园A,"('8658', '元/m')",90天成交0套,2套正在出租,开福,四方坪,2000年建成
永通商邸,"('8661', '元/m')",90天成交1套,7套正在出租,开福,四方坪,2000年建成
观园国际公寓,"('8663', '元/m')",90天成交2套,42套正在出租,开福,烈士公园,2000年建成
富雅坪巷,"('8670', '元/m')",90天成交0套,1套正在出租,开福,伍家岭,2000年建成
刘家冲长铁,"('8679', '元/m')",90天成交0套,1套正在出租,开福,烈士公园,1995年建成
芭茅洲70号,"('8695', '元/m')",90天成交0套,0套正在出租,开福,伍家岭,未知年建成
金霞新区22地块,"('8706', '元/m')",90天成交0套,0套正在出租,开福,开福区政府,2009年建成
留芳岭社区,"('8714', '元/m')",90天成交0套,1套正在出租,开福,伍家岭,1991年建成
明德中学家属楼,"('8715', '元/m')",90天成交0套,1套正在出租,开福,伍家岭,1996年建成
出版局宿舍,"('8717', '元/m')",90天成交0套,1套正在出租,开福,烈士公园,2000年建成
馨德雅苑,"('8720', '元/m')",90天成交0套,1套正在出租,开福,烈士公园,2003年建成
三角塘,"('8724', '元/m')",90天成交1套,0套正在出租,开福,伍家岭,2000年建成
姚正街,"('8728', '元/m')",90天成交0套,0套正在出租,开福,烈士公园,1991年建成
德雅路624号,"('8728', '元/m')",90天成交0套,0套正在出租,开福,烈士公园,未知年建成
湘涂宿舍,"('8742', '元/m')",90天成交0套,0套正在出租,开福,四方坪,1996年建成
长春巷17号,"('8744', '元/m')",90天成交0套,0套正在出租,开福,伍家岭,1990年建成
一路吉祥28号,"('8744', '元/m')",90天成交0套,6套正在出租,开福,松桂园,未知年建成
湖南电视台单位宿舍,"('8745', '元/m')",90天成交0套,2套正在出租,开福,烈士公园,1990年建成
市委办公厅宿舍小区,"('9093', '元/m')",90天成交0套,3套正在出租,芙蓉,晚报,2000年建成
朝阳二村,"('6343', '元/m')",90天成交0套,3套正在出租,芙蓉,火车站,1985年建成
新桥小区,"('6953', '元/m')",90天成交3套,4套正在出租,芙蓉,马王堆,2000年建成
阳光走廊,"('8240', '元/m')",90天成交0套,4套正在出租,芙蓉,德政园,2002年建成
丽景新贵,"('7935', '元/m')",90天成交0套,23套正在出租,芙蓉,晚报,2000年建成
王府花园,"('11870', '元/m')",90天成交1套,20套正在出租,芙蓉,晚报,2004年建成
维一星城,"('13879', '元/m')",90天成交2套,13套正在出租,芙蓉,浏城桥,1999年建成
泰时新雅园,"('8654', '元/m')",90天成交0套,12套正在出租,芙蓉,晚报,1999年建成
中惠锦堂,"('12676', '元/m')",90天成交1套,13套正在出租,芙蓉,尚东,2008年建成
长房白沙湾,"('12788', '元/m')",90天成交5套,15套正在出租,芙蓉,马王堆,2012年建成
壹号公馆,"('13865', '元/m')",90天成交1套,24套正在出租,芙蓉,松桂园,2010年建成
农资大厦,"('12193', '元/m')",90天成交0套,2套正在出租,芙蓉,浏城桥,未知年建成
东岸锦城B区,"('7455', '元/m')",90天成交2套,15套正在出租,芙蓉,汽车东站,2008年建成
东岸城邦,"('8809', '元/m')",90天成交0套,22套正在出租,芙蓉,汽车东站,2013年建成
万象新天,"('11934', '元/m')",90天成交1套,21套正在出租,芙蓉,晚报,2004年建成
新华联家园,"('12051', '元/m')",90天成交0套,3套正在出租,芙蓉,烈士公园,2001年建成
长邮一村,"('6542', '元/m')",90天成交0套,0套正在出租,芙蓉,马王堆,1987年建成
长盛上东区,"('8766', '元/m')",90天成交2套,20套正在出租,芙蓉,晚报,2010年建成
滨湖嘉园,"('10198', '元/m')",90天成交0套,2套正在出租,芙蓉,晚报,2005年建成
都市晨光,"('7839', '元/m')",90天成交0套,9套正在出租,芙蓉,马王堆,2005年建成
辉煌国际城,"('11585', '元/m')",90天成交3套,23套正在出租,芙蓉,汽车东站,2010年建成
长房东方人家,"('8531', '元/m')",90天成交2套,28套正在出租,芙蓉,汽车东站,2008年建成
金烨融府,"('11127', '元/m')",90天成交0套,20套正在出租,芙蓉,浏城桥,2010年建成
时速风标,"('8018', '元/m')",90天成交1套,1套正在出租,芙蓉,晚报,2004年建成
恒业雅苑,"('9094', '元/m')",90天成交0套,5套正在出租,芙蓉,德政园,2002年建成
浏阳河畔南苑,"('9712', '元/m')",90天成交0套,5套正在出租,芙蓉,马王堆,2006年建成
德政园聚心苑,"('7371', '元/m')",90天成交2套,12套正在出租,芙蓉,德政园,1980年建成
古汉名居,"('8699', '元/m')",90天成交0套,0套正在出租,芙蓉,马王堆,2005年建成
鑫邮小区,"('8593', '元/m')",90天成交0套,6套正在出租,芙蓉,马王堆,1991年建成
万科金域蓝湾,"('12449', '元/m')",90天成交6套,8套正在出租,芙蓉,晚报,2008年建成
湖南省湘剧院,"('6112', '元/m')",90天成交1套,1套正在出租,芙蓉,火车站,1983年建成
黄兴医院宿舍,"('6136', '元/m')",90天成交1套,1套正在出租,芙蓉,马王堆,1990年建成
民基大楼,"('6139', '元/m')",90天成交1套,2套正在出租,芙蓉,火车站,2000年建成
长沙市疾控中心宿舍,"('6155', '元/m')",90天成交0套,0套正在出租,芙蓉,马王堆,未知年建成
锦华时代,"('6164', '元/m')",90天成交0套,10套正在出租,芙蓉,晚报,1990年建成
皮革集团职工宿舍,"('6183', '元/m')",90天成交0套,0套正在出租,芙蓉,晚报,1998年建成
滨河小区,"('6186', '元/m')",90天成交0套,1套正在出租,芙蓉,汽车东站,1998年建成
三湘芙蓉电器市场住宅,"('6197', '元/m')",90天成交0套,1套正在出租,芙蓉,晚报,未知年建成
电力局宿舍,"('6201', '元/m')",90天成交0套,2套正在出租,芙蓉,晚报,1995年建成
旅泰公寓,"('6207', '元/m')",90天成交0套,0套正在出租,芙蓉,马王堆,1988年建成
马王堆防水建材市场,"('6212', '元/m')",90天成交0套,1套正在出租,芙蓉,马王堆,2005年建成
上宜园巷6号,"('6229', '元/m')",90天成交0套,0套正在出租,芙蓉,浏城桥,未知年建成
林业局宿舍,"('6242', '元/m')",90天成交0套,1套正在出租,芙蓉,德政园,1998年建成
晨光花园,"('6247', '元/m')",90天成交0套,5套正在出租,芙蓉,马王堆,1998年建成
五金大楼,"('6267', '元/m')",90天成交0套,3套正在出租,芙蓉,火车站,1990年建成
龙柏路158号,"('6278', '元/m')",90天成交0套,0套正在出租,芙蓉,马王堆,1993年建成
团结渠建管站宿舍楼,"('6296', '元/m')",90天成交0套,1套正在出租,芙蓉,火车站,2000年建成
泰时三湘金地,"('6309', '元/m')",90天成交0套,3套正在出租,芙蓉,晚报,1998年建成
军安苑小区,"('6310', '元/m')",90天成交1套,3套正在出租,芙蓉,马王堆,1998年建成
乐嘉花园小区,"('6315', '元/m')",90天成交0套,1套正在出租,芙蓉,晚报,1994年建成
金利苑,"('6342', '元/m')",90天成交1套,5套正在出租,芙蓉,晚报,1992年建成
朝阳二村,"('6343', '元/m')",90天成交0套,3套正在出租,芙蓉,火车站,1985年建成
陈家巷9号,"('6356', '元/m')",90天成交0套,0套正在出租,芙蓉,浏城桥,1995年建成
土畜宿舍,"('6360', '元/m')",90天成交0套,1套正在出租,芙蓉,晚报,1990年建成
新桥村东郊所宿舍,"('6389', '元/m')",90天成交1套,0套正在出租,芙蓉,马王堆,1989年建成
医保宿舍,"('6400', '元/m')",90天成交0套,0套正在出租,芙蓉,火车站,1992年建成
韭菜园东铭商居,"('6406', '元/m')",90天成交0套,1套正在出租,芙蓉,浏城桥,未知年建成
财政局宿舍,"('6409', '元/m')",90天成交0套,2套正在出租,芙蓉,德政园,1998年建成
八一路,"('6420', '元/m')",90天成交0套,0套正在出租,芙蓉,市一中,2000年建成
新天宿舍,"('6435', '元/m')",90天成交0套,0套正在出租,芙蓉,马王堆,1995年建成
长沙市疾病预防控制中心,"('6467', '元/m')",90天成交0套,1套正在出租,芙蓉,月湖,2003年建成
杨家山法院宿舍楼,"('6467', '元/m')",90天成交0套,0套正在出租,芙蓉,火车站,1998年建成
长沙启动器厂宿舍,"('6492', '元/m')",90天成交0套,0套正在出租,芙蓉,马王堆,未知年建成
火星信用社宿舍,"('6493', '元/m')",90天成交0套,1套正在出租,芙蓉,晚报,1998年建成
长沙市中级人民法院法官宿舍,"('6498', '元/m')",90天成交0套,0套正在出租,芙蓉,浏城桥,未知年建成
鸿基花园,"('6500', '元/m')",90天成交0套,1套正在出租,芙蓉,马王堆,1998年建成
广铁巷宿舍,"('6520', '元/m')",90天成交0套,0套正在出租,芙蓉,火车站,1998年建成
和平小区,"('6523', '元/m')",90天成交0套,1套正在出租,芙蓉,汽车东站,2000年建成
环达公寓,"('6530', '元/m')",90天成交0套,1套正在出租,芙蓉,马王堆,1996年建成
和光公寓,"('6542', '元/m')",90天成交0套,2套正在出租,芙蓉,晚报,2000年建成
长邮一村,"('6542', '元/m')",90天成交0套,0套正在出租,芙蓉,马王堆,1987年建成
龙柏社区,"('6548', '元/m')",90天成交0套,4套正在出租,芙蓉,马王堆,1993年建成
芙蓉区张公岭湘训宿舍,"('6553', '元/m')",90天成交0套,0套正在出租,芙蓉,汽车东站,未知年建成
安泰新村,"('6554', '元/m')",90天成交1套,29套正在出租,芙蓉,马王堆,1996年建成
新合四组,"('6559', '元/m')",90天成交0套,0套正在出租,芙蓉,马王堆,1998年建成
果林场小区,"('6568', '元/m')",90天成交0套,1套正在出租,芙蓉,汽车东站,未知年建成
邮电新村,"('6585', '元/m')",90天成交2套,5套正在出租,芙蓉,火车站,1988年建成
建湘南路135号,"('6603', '元/m')",90天成交0套,0套正在出租,芙蓉,浏城桥,未知年建成
火星安置房,"('6610', '元/m')",90天成交0套,0套正在出租,芙蓉,马王堆,1995年建成
马王堆医院宿舍,"('6613', '元/m')",90天成交1套,2套正在出租,芙蓉,马王堆,1984年建成
火车站邮政局宿舍,"('6632', '元/m')",90天成交0套,0套正在出租,芙蓉,火车站,1999年建成
马王堆社区火星7片,"('6633', '元/m')",90天成交0套,9套正在出租,芙蓉,马王堆,1990年建成
市环保局宿舍,"('6639', '元/m')",90天成交0套,0套正在出租,芙蓉,马王堆,1991年建成
牛奶公司宿舍,"('6655', '元/m')",90天成交0套,2套正在出租,芙蓉,马王堆,1992年建成
水絮塘,"('6679', '元/m')",90天成交0套,0套正在出租,芙蓉,浏城桥,2010年建成
湖南建设银行职工宿舍,"('6685', '元/m')",90天成交0套,0套正在出租,芙蓉,浏城桥,2000年建成
蓝色地标,"('6687', '元/m')",90天成交0套,6套正在出租,芙蓉,浏城桥,未知年建成
丰泽小区,"('6688', '元/m')",90天成交0套,3套正在出租,芙蓉,汽车东站,2008年建成
长沙县公路管理局宿舍,"('6720', '元/m')",90天成交0套,1套正在出租,芙蓉,晚报,未知年建成
东汉公寓,"('6728', '元/m')",90天成交0套,1套正在出租,芙蓉,马王堆,2000年建成
泉水塘小区,"('6736', '元/m')",90天成交0套,1套正在出租,芙蓉,汽车东站,2000年建成
天心物业,"('6754', '元/m')",90天成交0套,4套正在出租,芙蓉,德政园,1997年建成
新合四村,"('6767', '元/m')",90天成交0套,2套正在出租,芙蓉,马王堆,2003年建成
滨湖小区,"('6769', '元/m')",90天成交0套,0套正在出租,芙蓉,汽车东站,2005年建成
湖南湘城医院宿舍,"('6769', '元/m')",90天成交0套,0套正在出租,芙蓉,马王堆,1980年建成
白沙路57号,"('6769', '元/m')",90天成交1套,0套正在出租,芙蓉,浏城桥,未知年建成
紫薇社区,"('6774', '元/m')",90天成交0套,1套正在出租,芙蓉,马王堆,1991年建成
丰裕小区,"('6776', '元/m')",90天成交1套,2套正在出租,芙蓉,汽车东站,1997年建成
省地铁局宿舍,"('6782', '元/m')",90天成交0套,0套正在出租,芙蓉,火车站,未知年建成
维力花园,"('6793', '元/m')",90天成交0套,8套正在出租,芙蓉,德政园,2000年建成
杨家山卫生局宿舍,"('6794', '元/m')",90天成交2套,3套正在出租,芙蓉,火车站,1990年建成
湖南省科学技术厅宿舍,"('6804', '元/m')",90天成交0套,0套正在出租,芙蓉,马王堆,1991年建成
马王堆乡政府宿舍,"('6806', '元/m')",90天成交0套,0套正在出租,芙蓉,火车站,未知年建成
科教新村小区,"('6807', '元/m')",90天成交0套,0套正在出租,芙蓉,汽车东站,未知年建成
马王堆商贸城,"('6815', '元/m')",90天成交1套,2套正在出租,芙蓉,马王堆,2002年建成
浏正街136号,"('6816', '元/m')",90天成交0套,0套正在出租,芙蓉,浏城桥,1990年建成
天泰花园,"('6824', '元/m')",90天成交1套,2套正在出租,芙蓉,马王堆,2007年建成
马王堆陶瓷建材新城,"('6825', '元/m')",90天成交1套,10套正在出租,芙蓉,马王堆,1998年建成
申湘花园,"('6840', '元/m')",90天成交0套,3套正在出租,芙蓉,马王堆,1998年建成
蒸菜街小区,"('6842', '元/m')",90天成交0套,0套正在出租,芙蓉,火车站,1992年建成
宾佳乐宿舍,"('6846', '元/m')",90天成交0套,1套正在出租,芙蓉,马王堆,2003年建成
海威大厦,"('6859', '元/m')",90天成交0套,5套正在出租,芙蓉,晚报,1990年建成
保利苑,"('6870', '元/m')",90天成交0套,4套正在出租,芙蓉,德政园,2002年建成
同丰楼,"('6875', '元/m')",90天成交0套,1套正在出租,芙蓉,晚报,2000年建成
星火大厦,"('6885', '元/m')",90天成交0套,0套正在出租,芙蓉,马王堆,未知年建成
绕城家园,"('6891', '元/m')",90天成交1套,5套正在出租,芙蓉,晚报,2000年建成
紫东苑小区,"('6893', '元/m')",90天成交0套,4套正在出租,芙蓉,火车站,1990年建成
计划干部学校宿舍,"('6903', '元/m')",90天成交0套,1套正在出租,芙蓉,马王堆,2004年建成
马王堆社区9片,"('6907', '元/m')",90天成交0套,0套正在出租,芙蓉,马王堆,1998年建成
中国冶金地质总局湖南地质勘察院,"('6919', '元/m')",90天成交0套,1套正在出租,芙蓉,马王堆,1995年建成
建材设计院,"('6927', '元/m')",90天成交0套,3套正在出租,芙蓉,浏城桥,未知年建成
安居乐商贸公寓,"('6944', '元/m')",90天成交0套,1套正在出租,芙蓉,马王堆,2007年建成
纺织品公司宿舍,"('6946', '元/m')",90天成交0套,0套正在出租,芙蓉,晚报,1999年建成
新桥小区,"('6953', '元/m')",90天成交3套,4套正在出租,芙蓉,马王堆,2000年建成
国安苑,"('6959', '元/m')",90天成交0套,3套正在出租,芙蓉,马王堆,2011年建成
月桂社区,"('6961', '元/m')",90天成交2套,26套正在出租,芙蓉,马王堆,1993年建成
人民新村社区,"('6971', '元/m')",90天成交3套,46套正在出租,芙蓉,火车站,1979年建成
湘果公寓,"('6996', '元/m')",90天成交0套,2套正在出租,芙蓉,马王堆,2003年建成
新兴小区,"('6999', '元/m')",90天成交0套,4套正在出租,芙蓉,火车站,1996年建成
东成大厦,"('7011', '元/m')",90天成交0套,8套正在出租,芙蓉,浏城桥,2002年建成
万祥宿舍,"('7015', '元/m')",90天成交0套,0套正在出租,芙蓉,浏城桥,1996年建成
土蓄宿舍,"('7028', '元/m')",90天成交0套,0套正在出租,芙蓉,火车站,1997年建成
马王堆陶瓷城新合区,"('7034', '元/m')",90天成交0套,3套正在出租,芙蓉,马王堆,2000年建成
长沙市直属机关宿舍,"('7035', '元/m')",90天成交3套,11套正在出租,芙蓉,火车站,1990年建成
安置房小区,"('7036', '元/m')",90天成交0套,1套正在出租,芙蓉,德政园,2000年建成
鸿基公寓（解放路）,"('7040', '元/m')",90天成交0套,2套正在出租,芙蓉,火车站,2005年建成
城北供电局宿舍,"('7041', '元/m')",90天成交0套,6套正在出租,芙蓉,马王堆,1995年建成
机械大院,"('7042', '元/m')",90天成交0套,3套正在出租,芙蓉,马王堆,1998年建成
荷花园安置小区,"('7049', '元/m')",90天成交0套,4套正在出租,芙蓉,马王堆,1996年建成
工商局宿舍,"('7056', '元/m')",90天成交0套,0套正在出租,芙蓉,晚报,1998年建成
恒达花园北苑,"('7061', '元/m')",90天成交0套,2套正在出租,芙蓉,德政园,1992年建成
雨花区法院宿舍,"('7063', '元/m')",90天成交0套,0套正在出租,芙蓉,马王堆,1999年建成
苏家巷,"('7073', '元/m')",90天成交0套,0套正在出租,芙蓉,五一广场,1995年建成
建设局宿舍,"('7076', '元/m')",90天成交0套,0套正在出租,芙蓉,马王堆,未知年建成
长沙市邮政局宿舍J区,"('7082', '元/m')",90天成交0套,0套正在出租,芙蓉,马王堆,1989年建成
鑫湘佳园,"('7092', '元/m')",90天成交0套,4套正在出租,芙蓉,马王堆,1999年建成
农办火星宿舍,"('7098', '元/m')",90天成交0套,0套正在出租,芙蓉,晚报,1996年建成
火星镇政府宿舍,"('7104', '元/m')",90天成交0套,0套正在出租,芙蓉,晚报,未知年建成
金泉公寓,"('7109', '元/m')",90天成交0套,5套正在出租,芙蓉,晚报,2001年建成
东屯渡农场二分场,"('7110', '元/m')",90天成交0套,0套正在出租,芙蓉,马王堆,未知年建成
血液中心宿舍,"('7125', '元/m')",90天成交1套,0套正在出租,芙蓉,马王堆,1999年建成
荷晏住宅小区,"('7144', '元/m')",90天成交1套,1套正在出租,芙蓉,德政园,1996年建成
裕华园,"('7147', '元/m')",90天成交0套,0套正在出租,芙蓉,晚报,2000年建成
竹园公寓,"('7147', '元/m')",90天成交0套,1套正在出租,芙蓉,浏城桥,未知年建成
马王堆汽车汽配城,"('7149', '元/m')",90天成交0套,3套正在出租,芙蓉,马王堆,2000年建成
芙蓉区农村合作银行宿舍,"('7152', '元/m')",90天成交0套,1套正在出租,芙蓉,马王堆,未知年建成
中铁十二局第三工程宿舍,"('7176', '元/m')",90天成交0套,3套正在出租,芙蓉,马王堆,未知年建成
泰禹公馆,"('7178', '元/m')",90天成交0套,12套正在出租,芙蓉,马王堆,1990年建成
湖南环保涂料城,"('7181', '元/m')",90天成交0套,2套正在出租,芙蓉,马王堆,1998年建成
复兴街65号,"('7184', '元/m')",90天成交0套,1套正在出租,芙蓉,浏城桥,未知年建成
储英园楚怡公寓,"('7188', '元/m')",90天成交0套,1套正在出租,芙蓉,松桂园,未知年建成
环卫局宿舍,"('7209', '元/m')",90天成交0套,0套正在出租,芙蓉,德政园,未知年建成
湘运新村,"('7218', '元/m')",90天成交0套,2套正在出租,芙蓉,马王堆,1990年建成
八方小区（马王堆）,"('7220', '元/m')",90天成交0套,0套正在出租,芙蓉,马王堆,未知年建成
综合农场二分场,"('7245', '元/m')",90天成交0套,0套正在出租,芙蓉,马王堆,未知年建成
恒达花园南苑,"('7255', '元/m')",90天成交1套,6套正在出租,芙蓉,德政园,1994年建成
湖南省茶叶有限公司宿舍,"('7269', '元/m')",90天成交0套,0套正在出租,芙蓉,浏城桥,未知年建成
保险公司宿舍,"('7276', '元/m')",90天成交0套,1套正在出租,芙蓉,德政园,未知年建成
长沙市邮政局宿舍M区,"('7280', '元/m')",90天成交0套,1套正在出租,芙蓉,马王堆,1989年建成
湖南省饲料公司宿舍,"('7284', '元/m')",90天成交0套,0套正在出租,芙蓉,火车站,1995年建成
东方之珠,"('7292', '元/m')",90天成交0套,5套正在出租,芙蓉,德政园,1999年建成
鸿基公寓,"('7294', '元/m')",90天成交0套,0套正在出租,芙蓉,马王堆,2000年建成
金湘北苑,"('7297', '元/m')",90天成交0套,0套正在出租,芙蓉,马王堆,1999年建成
国土局宿舍法院宿舍,"('7299', '元/m')",90天成交0套,0套正在出租,芙蓉,火车站,1993年建成
饲料公司宿舍,"('7301', '元/m')",90天成交0套,3套正在出租,芙蓉,德政园,1996年建成
市农村公路局宿舍区,"('7313', '元/m')",90天成交0套,0套正在出租,芙蓉,马王堆,未知年建成
天心丽城,"('7316', '元/m')",90天成交1套,14套正在出租,芙蓉,德政园,1995年建成
省残联宿舍,"('7329', '元/m')",90天成交0套,0套正在出租,芙蓉,马王堆,未知年建成
芙蓉区机关宿舍,"('7333', '元/m')",90天成交0套,2套正在出租,芙蓉,德政园,2000年建成
老物资局宿舍,"('7348', '元/m')",90天成交0套,0套正在出租,芙蓉,马王堆,2001年建成
马王堆汽配城交警宿舍,"('7348', '元/m')",90天成交0套,0套正在出租,芙蓉,马王堆,未知年建成
日出东方,"('7350', '元/m')",90天成交0套,8套正在出租,芙蓉,晚报,2000年建成
德政园聚心苑,"('7371', '元/m')",90天成交2套,12套正在出租,芙蓉,德政园,1980年建成
华瑞大厦,"('7380', '元/m')",90天成交1套,2套正在出租,芙蓉,火车站,2003年建成
文艺新村,"('7384', '元/m')",90天成交2套,12套正在出租,芙蓉,浏城桥,1988年建成
国储电脑城,"('7385', '元/m')",90天成交0套,5套正在出租,芙蓉,火车站,1998年建成
华海3C广场,"('7385', '元/m')",90天成交0套,16套正在出租,芙蓉,火车站,2000年建成
丰收花园小区,"('7394', '元/m')",90天成交0套,0套正在出租,芙蓉,汽车东站,2000年建成
怡荷园,"('7402', '元/m')",90天成交0套,8套正在出租,芙蓉,德政园,2000年建成
长沙农商行窑岭支行宿舍,"('7416', '元/m')",90天成交0套,3套正在出租,芙蓉,火车站,1991年建成
湖南警察学院马王堆宿舍,"('7424', '元/m')",90天成交0套,0套正在出租,芙蓉,马王堆,未知年建成
湖南医大附二院广济桥宿舍,"('7440', '元/m')",90天成交0套,3套正在出租,芙蓉,浏城桥,1990年建成
湖南省商务厅宿舍大院,"('7448', '元/m')",90天成交1套,0套正在出租,芙蓉,火车站,1990年建成
东岸锦城B区,"('7455', '元/m')",90天成交2套,15套正在出租,芙蓉,汽车东站,2008年建成
东二环二段117号2,"('7458', '元/m')",90天成交0套,0套正在出租,芙蓉,晚报,1995年建成
锦绣中星,"('7474', '元/m')",90天成交1套,3套正在出租,芙蓉,马王堆,1980年建成
省建院小区,"('7477', '元/m')",90天成交0套,2套正在出租,芙蓉,浏城桥,1995年建成
乡镇企业单位宿舍,"('7486', '元/m')",90天成交0套,0套正在出租,芙蓉,马王堆,未知年建成
省人民医院宿舍,"('7487', '元/m')",90天成交0套,0套正在出租,芙蓉,浏城桥,1994年建成
火星开发区军运站宿舍,"('7489', '元/m')",90天成交0套,1套正在出租,芙蓉,马王堆,未知年建成
火星计生委宿舍,"('7491', '元/m')",90天成交0套,0套正在出租,芙蓉,马王堆,1993年建成
移动科技小区,"('7494', '元/m')",90天成交0套,2套正在出租,芙蓉,汽车东站,未知年建成
厚华公寓,"('7494', '元/m')",90天成交0套,0套正在出租,芙蓉,马王堆,未知年建成
西南明苑,"('7498', '元/m')",90天成交0套,2套正在出租,芙蓉,晚报,2002年建成
荷晏小区出租车公司宿舍,"('7503', '元/m')",90天成交0套,2套正在出租,芙蓉,德政园,1999年建成
天域新都,"('7523', '元/m')",90天成交0套,2套正在出租,芙蓉,马王堆,1998年建成
长沙糕点厂宿舍,"('7532', '元/m')",90天成交0套,1套正在出租,芙蓉,晚报,未知年建成
恒达畅春园,"('7532', '元/m')",90天成交0套,2套正在出租,芙蓉,德政园,2002年建成
湖南省假肢宿舍,"('7538', '元/m')",90天成交0套,0套正在出租,芙蓉,马王堆,1996年建成
紫薇花园,"('7539', '元/m')",90天成交0套,1套正在出租,芙蓉,马王堆,1998年建成
中信公寓,"('7540', '元/m')",90天成交0套,1套正在出租,芙蓉,晚报,2000年建成
建行宿舍,"('7549', '元/m')",90天成交0套,0套正在出租,芙蓉,浏城桥,1997年建成
长沙市教育局直属教师二村,"('7551', '元/m')",90天成交0套,3套正在出租,芙蓉,德政园,1990年建成
通发公寓,"('7562', '元/m')",90天成交0套,8套正在出租,芙蓉,火车站,1998年建成
中国建行湖南铁道专业分行宿舍,"('7562', '元/m')",90天成交0套,1套正在出租,芙蓉,火车站,未知年建成
交通执法局宿舍,"('7571', '元/m')",90天成交1套,1套正在出租,芙蓉,马王堆,1997年建成
千喜华城,"('7600', '元/m')",90天成交0套,0套正在出租,芙蓉,晚报,2000年建成
上东印象,"('7610', '元/m')",90天成交0套,17套正在出租,芙蓉,晚报,1999年建成
渔塘村,"('7612', '元/m')",90天成交0套,1套正在出租,芙蓉,火车站,1999年建成
朝霞巷10号,"('7616', '元/m')",90天成交0套,1套正在出租,芙蓉,马王堆,1998年建成
荷花苑,"('7631', '元/m')",90天成交4套,14套正在出租,芙蓉,德政园,2000年建成
国祯环保科技有限公司宿舍,"('7641', '元/m')",90天成交0套,0套正在出租,芙蓉,晚报,1998年建成
陈家巷1号,"('7648', '元/m')",90天成交0套,0套正在出租,芙蓉,浏城桥,未知年建成
古汉城宿舍,"('7650', '元/m')",90天成交1套,1套正在出租,芙蓉,马王堆,2002年建成
德政园怡心苑,"('7657', '元/m')",90天成交1套,8套正在出租,芙蓉,德政园,2001年建成
湖南省皮革研究所,"('7663', '元/m')",90天成交0套,0套正在出租,芙蓉,马王堆,1998年建成
中星苑,"('7677', '元/m')",90天成交1套,4套正在出租,芙蓉,马王堆,2000年建成
财政局小区,"('7686', '元/m')",90天成交0套,1套正在出租,芙蓉,浏城桥,2001年建成
朝阳一村,"('7686', '元/m')",90天成交0套,9套正在出租,芙蓉,火车站,1980年建成
i尚国际,"('7687', '元/m')",90天成交1套,10套正在出租,芙蓉,汽车东站,2013年建成
纬二路29号,"('7687', '元/m')",90天成交0套,1套正在出租,芙蓉,马王堆,1991年建成
杨家山,"('7689', '元/m')",90天成交0套,0套正在出租,芙蓉,火车站,2000年建成
东岸梅园,"('7696', '元/m')",90天成交0套,5套正在出租,芙蓉,汽车东站,2004年建成
解放东路建行宿舍,"('7701', '元/m')",90天成交0套,0套正在出租,芙蓉,火车站,1990年建成
芙蓉区医院宿舍,"('7705', '元/m')",90天成交1套,0套正在出租,芙蓉,火车站,1984年建成
金竹苑,"('7705', '元/m')",90天成交0套,0套正在出租,芙蓉,马王堆,2002年建成
朝阳丽园,"('7710', '元/m')",90天成交0套,5套正在出租,芙蓉,火车站,1995年建成
文艺路31号,"('7714', '元/m')",90天成交0套,0套正在出租,芙蓉,浏城桥,未知年建成
天伦公寓,"('7717', '元/m')",90天成交0套,2套正在出租,芙蓉,马王堆,2008年建成
油料公司宿舍,"('7743', '元/m')",90天成交0套,2套正在出租,芙蓉,德政园,1999年建成
古稻田巷21号,"('7744', '元/m')",90天成交0套,0套正在出租,芙蓉,浏城桥,未知年建成
富利大楼,"('7749', '元/m')",90天成交0套,31套正在出租,芙蓉,浏城桥,未知年建成
工商银行宿舍,"('7762', '元/m')",90天成交0套,0套正在出租,芙蓉,马王堆,1998年建成
东岸锦城C区,"('7777', '元/m')",90天成交0套,14套正在出租,芙蓉,汽车东站,2008年建成
龙骧宿舍,"('7786', '元/m')",90天成交0套,1套正在出租,芙蓉,马王堆,1993年建成
里仁巷新9号,"('7788', '元/m')",90天成交0套,0套正在出租,芙蓉,五一广场,未知年建成
食杂果品公司宿舍,"('7788', '元/m')",90天成交0套,0套正在出租,芙蓉,火车站,1980年建成
长铁向韶村,"('7799', '元/m')",90天成交2套,69套正在出租,芙蓉,火车站,1975年建成
中扬华苑,"('7819', '元/m')",90天成交0套,0套正在出租,芙蓉,马王堆,1999年建成
扬帆小区,"('7824', '元/m')",90天成交0套,4套正在出租,芙蓉,芙蓉区政府,1989年建成
八一路125号,"('7825', '元/m')",90天成交0套,0套正在出租,芙蓉,火车站,未知年建成
湖南省花鼓戏剧院,"('7834', '元/m')",90天成交0套,1套正在出租,芙蓉,火车站,1997年建成
东门捷径12号院,"('7836', '元/m')",90天成交0套,0套正在出租,芙蓉,浏城桥,1992年建成
都市晨光,"('7839', '元/m')",90天成交0套,9套正在出租,芙蓉,马王堆,2005年建成
大有商住楼,"('7844', '元/m')",90天成交0套,1套正在出租,芙蓉,马王堆,1991年建成
五一东村,"('7858', '元/m')",90天成交1套,17套正在出租,芙蓉,火车站,1985年建成
定王台公寓,"('7870', '元/m')",90天成交0套,1套正在出租,芙蓉,浏城桥,1998年建成
水月林公寓,"('7871', '元/m')",90天成交0套,1套正在出租,芙蓉,浏城桥,2001年建成
雄距都市东家,"('7877', '元/m')",90天成交1套,3套正在出租,芙蓉,马王堆,2006年建成
鸿飞大厦,"('7878', '元/m')",90天成交0套,3套正在出租,芙蓉,火车站,2003年建成
省金属回收公司宿舍,"('7888', '元/m')",90天成交0套,2套正在出租,芙蓉,马王堆,1993年建成
燕山街,"('7918', '元/m')",90天成交0套,7套正在出租,芙蓉,火车站,1999年建成
白沙路35号,"('7932', '元/m')",90天成交0套,0套正在出租,芙蓉,浏城桥,未知年建成
湖南省审计科研培训所,"('7934', '元/m')",90天成交0套,2套正在出租,芙蓉,马王堆,1996年建成
丽景新贵,"('7935', '元/m')",90天成交0套,23套正在出租,芙蓉,晚报,2000年建成
曙光宿舍,"('7937', '元/m')",90天成交0套,0套正在出租,芙蓉,火车站,1999年建成
远通苑,"('7947', '元/m')",90天成交0套,3套正在出租,芙蓉,汽车东站,2000年建成
紫薇公寓,"('7951', '元/m')",90天成交1套,0套正在出租,芙蓉,马王堆,1993年建成
荷花园众立小区,"('7954', '元/m')",90天成交0套,2套正在出租,芙蓉,马王堆,1997年建成
德政园润心苑,"('7956', '元/m')",90天成交1套,10套正在出租,芙蓉,德政园,2001年建成
古稻田巷20号,"('7961', '元/m')",90天成交0套,0套正在出租,芙蓉,浏城桥,2000年建成
科达名居,"('7962', '元/m')",90天成交0套,12套正在出租,芙蓉,浏城桥,2003年建成
芙蓉区教师村,"('7969', '元/m')",90天成交1套,11套正在出租,芙蓉,德政园,1990年建成
德政园醉心苑,"('7971', '元/m')",90天成交3套,12套正在出租,芙蓉,德政园,2001年建成
塑料研究所宿舍,"('7974', '元/m')",90天成交0套,0套正在出租,芙蓉,马王堆,1998年建成
蔚蓝天空大厦,"('7990', '元/m')",90天成交0套,2套正在出租,芙蓉,德政园,2004年建成
佳远小区,"('7996', '元/m')",90天成交0套,1套正在出租,芙蓉,马王堆,2004年建成
国杰大厦,"('8008', '元/m')",90天成交0套,4套正在出租,芙蓉,马王堆,2000年建成
山水华景,"('8013', '元/m')",90天成交2套,18套正在出租,芙蓉,马王堆,2000年建成
时速风标,"('8018', '元/m')",90天成交1套,1套正在出租,芙蓉,晚报,2004年建成
马王堆建材广场二期,"('8027', '元/m')",90天成交0套,0套正在出租,芙蓉,马王堆,未知年建成
湖南文化大厦,"('8029', '元/m')",90天成交0套,1套正在出租,芙蓉,火车站,2005年建成
富民楼,"('8033', '元/m')",90天成交0套,0套正在出租,芙蓉,马王堆,未知年建成
长港小区,"('8040', '元/m')",90天成交1套,2套正在出租,芙蓉,晚报,1999年建成
德政园明心苑,"('8047', '元/m')",90天成交1套,12套正在出租,芙蓉,德政园,2000年建成
天佑大厦,"('8053', '元/m')",90天成交0套,23套正在出租,芙蓉,晚报,2000年建成
长勘院宿舍,"('8062', '元/m')",90天成交3套,3套正在出租,芙蓉,火车站,1980年建成
电业局宿舍,"('8099', '元/m')",90天成交0套,0套正在出租,芙蓉,马王堆,未知年建成
土产公司宿舍,"('8127', '元/m')",90天成交0套,1套正在出租,芙蓉,浏城桥,1990年建成
种子大院,"('8132', '元/m')",90天成交0套,0套正在出租,芙蓉,马王堆,未知年建成
曙光路综合楼,"('8134', '元/m')",90天成交0套,0套正在出租,芙蓉,火车站,未知年建成
科文宿舍,"('8138', '元/m')",90天成交0套,1套正在出租,芙蓉,浏城桥,未知年建成
市教育局教师一村,"('8143', '元/m')",90天成交0套,0套正在出租,芙蓉,德政园,1990年建成
凤凰台68号,"('8152', '元/m')",90天成交0套,0套正在出租,芙蓉,浏城桥,未知年建成
定王台社区,"('8153', '元/m')",90天成交0套,1套正在出租,芙蓉,浏城桥,1991年建成
丰盈西里26号,"('8162', '元/m')",90天成交0套,0套正在出租,芙蓉,五一广场,2015年建成
凤凰大厦,"('8164', '元/m')",90天成交0套,0套正在出租,芙蓉,浏城桥,2005年建成
医化办宿舍,"('8164', '元/m')",90天成交0套,0套正在出租,芙蓉,晚报,1999年建成
治安支队宿舍,"('8172', '元/m')",90天成交0套,2套正在出租,芙蓉,火车站,1997年建成
三和家园,"('8181', '元/m')",90天成交0套,1套正在出租,芙蓉,尚东,1991年建成
星城雅郡,"('6397', '元/m')",90天成交1套,12套正在出租,长沙县,月湖,2005年建成
湘瑞家园,"('5947', '元/m')",90天成交1套,6套正在出租,长沙县,万家丽北,2009年建成
佳美星城,"('6551', '元/m')",90天成交5套,11套正在出租,长沙县,开元路,2008年建成
印山蓝色海岸,"('9074', '元/m')",90天成交9套,12套正在出租,长沙县,开元路,2009年建成
松雅湖畔山水茗园,"('5090', '元/m')",90天成交0套,18套正在出租,长沙县,松雅湖,2002年建成
湘龙家园翔冀宇,"('14018', '元/m')",90天成交0套,1套正在出租,长沙县,万家丽北,2010年建成
山水芙蓉国际新城,"('12244', '元/m')",90天成交0套,18套正在出租,长沙县,松雅湖,2000年建成
碧桂园威尼斯城水木春华,"('32721', '元/m')",90天成交0套,1套正在出租,长沙县,松雅湖,2008年建成
碧桂园威尼斯城蓝天花语,"('8518', '元/m')",90天成交1套,11套正在出租,长沙县,松雅湖,2002年建成
星电恬园,"('7228', '元/m')",90天成交2套,2套正在出租,长沙县,开元路,2013年建成
开源鑫阁,"('5207', '元/m')",90天成交1套,18套正在出租,长沙县,开元路,2000年建成
万丽景园,"('7025', '元/m')",90天成交0套,6套正在出租,长沙县,万家丽北,2002年建成
湖南大众传媒职业技术学院教师公寓,"('6069', '元/m')",90天成交0套,12套正在出租,长沙县,松雅湖,2004年建成
淞雅苑,"('5789', '元/m')",90天成交2套,2套正在出租,长沙县,松雅湖,2009年建成
天星家园,"('6132', '元/m')",90天成交0套,2套正在出租,长沙县,开元路,2004年建成
紫晶城二期,"('6368', '元/m')",90天成交3套,41套正在出租,长沙县,中南汽车世界,1982年建成
开源鑫景,"('7113', '元/m')",90天成交0套,9套正在出租,长沙县,开元路,2001年建成
荣盛花语城,"('9359', '元/m')",90天成交0套,58套正在出租,长沙县,万家丽北,2011年建成
筑梦星园,"('9659', '元/m')",90天成交4套,23套正在出租,长沙县,万家丽北,2008年建成
东方美地,"('7824', '元/m')",90天成交1套,38套正在出租,长沙县,汽车东站,2014年建成
空港国际星城,"('8534', '元/m')",90天成交0套,2套正在出租,长沙县,星沙其他,2013年建成
尚都美寓,"('4796', '元/m')",90天成交1套,59套正在出租,长沙县,泉塘,2013年建成
方略90公馆,"('4902', '元/m')",90天成交7套,28套正在出租,长沙县,泉塘,2013年建成
紫云阁,"('7519', '元/m')",90天成交0套,10套正在出租,长沙县,泉塘,2008年建成
景上鑫苑,"('6764', '元/m')",90天成交0套,9套正在出租,长沙县,开元路,2000年建成
盛地春天里,"('7598', '元/m')",90天成交2套,11套正在出租,长沙县,万家丽北,2014年建成
佳辉丽景鑫城,"('6291', '元/m')",90天成交1套,10套正在出租,长沙县,星沙其他,2010年建成
幸福洋房,"('7276', '元/m')",90天成交0套,12套正在出租,长沙县,开元路,2006年建成
湘商世纪鑫城,"('6709', '元/m')",90天成交0套,7套正在出租,长沙县,开元路,2008年建成
星沙教师公寓,"('6425', '元/m')",90天成交0套,7套正在出租,长沙县,开元路,2007年建成
欣安小区,"('5274', '元/m')",90天成交4套,11套正在出租,长沙县,开元路,1998年建成
金岸教师村,"('5307', '元/m')",90天成交0套,1套正在出租,长沙县,开元路,2004年建成
㮾梨综合市场1,"('5328', '元/m')",90天成交0套,0套正在出租,长沙县,星沙其他,未知年建成
思进大厦,"('5341', '元/m')",90天成交0套,2套正在出租,长沙县,开元路,2009年建成
榔梨综合市场,"('5343', '元/m')",90天成交0套,4套正在出租,长沙县,星沙其他,2003年建成
星沙一区,"('5382', '元/m')",90天成交0套,14套正在出租,长沙县,开元路,1993年建成
知微园,"('5387', '元/m')",90天成交2套,6套正在出租,长沙县,松雅湖,2002年建成
星沙汽配城小区,"('5391', '元/m')",90天成交0套,11套正在出租,长沙县,月湖,2002年建成
紫东苑小区,"('5430', '元/m')",90天成交1套,6套正在出租,长沙县,汽车东站,2005年建成
星兴佳园,"('5435', '元/m')",90天成交0套,5套正在出租,长沙县,开元路,2003年建成
圆梦.灰埠农贸大市场,"('5436', '元/m')",90天成交1套,4套正在出租,长沙县,松雅湖,2003年建成
银园公寓小区,"('5445', '元/m')",90天成交0套,0套正在出租,长沙县,开元路,2005年建成
电力职院宿舍,"('5474', '元/m')",90天成交0套,0套正在出租,长沙县,泉塘,1987年建成
城东小区,"('5525', '元/m')",90天成交0套,2套正在出租,长沙县,开元路,2007年建成
星沙二区,"('5529', '元/m')",90天成交0套,23套正在出租,长沙县,开元路,1996年建成
睿智园,"('5531', '元/m')",90天成交0套,1套正在出租,长沙县,泉塘,2009年建成
仁和苑,"('5565', '元/m')",90天成交0套,0套正在出租,长沙县,万家丽北,未知年建成
龙塘小区,"('5568', '元/m')",90天成交0套,5套正在出租,长沙县,万家丽北,2006年建成
星沙商业步行街,"('5603', '元/m')",90天成交0套,5套正在出租,长沙县,开元路,2003年建成
荣鑫公寓,"('5606', '元/m')",90天成交0套,0套正在出租,长沙县,开元路,2001年建成
弘坤东昇,"('5624', '元/m')",90天成交0套,1套正在出租,长沙县,开元路,未知年建成
畜牧局宿舍,"('5652', '元/m')",90天成交0套,0套正在出租,长沙县,开元路,1995年建成
方略学府佳境,"('5657', '元/m')",90天成交0套,4套正在出租,长沙县,泉塘,2005年建成
泰格林纸,"('5719', '元/m')",90天成交0套,0套正在出租,长沙县,开元路,2000年建成
明城公寓,"('5769', '元/m')",90天成交0套,60套正在出租,长沙县,泉塘,2000年建成
福临教师楼宿舍,"('5771', '元/m')",90天成交0套,0套正在出租,长沙县,开元路,未知年建成
圆梦花园,"('5772', '元/m')",90天成交0套,7套正在出租,长沙县,开元路,2001年建成
长永佳苑,"('5774', '元/m')",90天成交0套,21套正在出租,长沙县,中南汽车世界,2000年建成
星沙工商银行宿舍,"('5784', '元/m')",90天成交0套,0套正在出租,长沙县,开元路,2001年建成
日盛湖湘花苑,"('5788', '元/m')",90天成交0套,27套正在出租,长沙县,汽车东站,未知年建成
淞雅苑,"('5789', '元/m')",90天成交2套,2套正在出租,长沙县,松雅湖,2009年建成
长沙县行政执法宿舍,"('5796', '元/m')",90天成交1套,1套正在出租,长沙县,开元路,2010年建成
凯旋帝景,"('5821', '元/m')",90天成交0套,16套正在出租,长沙县,星沙其他,2003年建成
楚天馨苑,"('5849', '元/m')",90天成交2套,28套正在出租,长沙县,泉塘,2007年建成
新远时代,"('5880', '元/m')",90天成交0套,10套正在出租,长沙县,泉塘,2015年建成
泉塘小区,"('5881', '元/m')",90天成交0套,0套正在出租,长沙县,泉塘,2012年建成
长沙县人民法院宿舍,"('5883', '元/m')",90天成交0套,2套正在出租,长沙县,开元路,未知年建成
泉星社区,"('5883', '元/m')",90天成交0套,45套正在出租,长沙县,泉塘,2002年建成
湘楚家园,"('5885', '元/m')",90天成交0套,9套正在出租,长沙县,月湖,2004年建成
星卫佳园,"('5888', '元/m')",90天成交1套,0套正在出租,长沙县,松雅湖,未知年建成
华天公寓,"('5892', '元/m')",90天成交0套,20套正在出租,长沙县,泉塘,2000年建成
鸿星阁,"('5941', '元/m')",90天成交1套,0套正在出租,长沙县,开元路,2005年建成
中安善化国际,"('5944', '元/m')",90天成交4套,1套正在出租,长沙县,长沙县,2014年建成
湘瑞家园,"('5947', '元/m')",90天成交1套,6套正在出租,长沙县,万家丽北,2009年建成
泉塘小区,"('5950', '元/m')",90天成交1套,1套正在出租,长沙县,泉塘,1996年建成
华天LOHO小镇,"('5960', '元/m')",90天成交1套,14套正在出租,长沙县,泉塘,2006年建成
新城悦隽公园,"('5976', '元/m')",90天成交0套,125套正在出租,长沙县,开元路,2022年建成
地方税务局宿舍,"('6002', '元/m')",90天成交0套,0套正在出租,长沙县,开元路,1995年建成
长沙县水利水电局住宅小区,"('6017', '元/m')",90天成交0套,0套正在出租,长沙县,开元路,1999年建成
荣鑫家园,"('6026', '元/m')",90天成交0套,3套正在出租,长沙县,开元路,2006年建成
圣力华苑,"('6033', '元/m')",90天成交2套,40套正在出租,长沙县,泉塘,2000年建成
时代星城,"('6035', '元/m')",90天成交5套,79套正在出租,长沙县,泉塘,2000年建成
文苑小区,"('6052', '元/m')",90天成交0套,1套正在出租,长沙县,开元路,2000年建成
湖南大众传媒职业技术学院教师公寓,"('6069', '元/m')",90天成交0套,12套正在出租,长沙县,松雅湖,2004年建成
星城国际,"('6070', '元/m')",90天成交4套,44套正在出租,长沙县,泉塘,2006年建成
明天一城,"('6092', '元/m')",90天成交2套,18套正在出租,长沙县,泉塘,2000年建成
楚天中苑,"('6098', '元/m')",90天成交2套,10套正在出租,长沙县,泉塘,2000年建成
东城名苑,"('6112', '元/m')",90天成交0套,9套正在出租,长沙县,泉塘,2005年建成
光明城市,"('6116', '元/m')",90天成交1套,8套正在出租,长沙县,泉塘,2015年建成
邮电宿舍,"('6123', '元/m')",90天成交0套,3套正在出租,长沙县,开元路,1990年建成
天星家园,"('6132', '元/m')",90天成交0套,2套正在出租,长沙县,开元路,2004年建成
尚都花园城,"('6133', '元/m')",90天成交13套,194套正在出租,长沙县,泉塘,2000年建成
新城悦隽,"('6140', '元/m')",90天成交2套,139套正在出租,长沙县,开元路,2020年建成
广场之星,"('6154', '元/m')",90天成交0套,2套正在出租,长沙县,开元路,2003年建成
高林金三华邸,"('6177', '元/m')",90天成交0套,7套正在出租,长沙县,中南汽车世界,2008年建成
湘楚华庭,"('6184', '元/m')",90天成交0套,3套正在出租,长沙县,泉塘,2016年建成
开源鑫苑,"('6216', '元/m')",90天成交0套,6套正在出租,长沙县,开元路,2005年建成
紫晶城,"('6216', '元/m')",90天成交1套,15套正在出租,长沙县,月湖,2005年建成
金鹰机电5区,"('6220', '元/m')",90天成交0套,1套正在出租,长沙县,万家丽北,2004年建成
丁家高层公寓小区,"('6227', '元/m')",90天成交0套,5套正在出租,长沙县,泉塘,2007年建成
县政府新宿舍,"('6232', '元/m')",90天成交0套,2套正在出租,长沙县,开元路,未知年建成
佳辉丽景鑫城,"('6291', '元/m')",90天成交1套,10套正在出租,长沙县,星沙其他,2010年建成
未来蜂巢,"('6292', '元/m')",90天成交1套,33套正在出租,长沙县,泉塘,2009年建成
星沙派,"('6294', '元/m')",90天成交1套,3套正在出租,长沙县,开元路,2000年建成
锦璨家园,"('6296', '元/m')",90天成交6套,49套正在出租,长沙县,开元路,2008年建成
杉星小区,"('6299', '元/m')",90天成交0套,1套正在出租,长沙县,开元路,2002年建成
金鹏名都,"('6310', '元/m')",90天成交4套,3套正在出租,长沙县,星沙其他,2010年建成
卧龙居,"('6318', '元/m')",90天成交0套,3套正在出租,长沙县,开元路,2004年建成
长丰星城,"('6322', '元/m')",90天成交3套,25套正在出租,长沙县,万家丽北,2008年建成
广泰家园,"('6327', '元/m')",90天成交0套,11套正在出租,长沙县,开元路,2002年建成
国土局宿舍,"('6350', '元/m')",90天成交0套,0套正在出租,长沙县,开元路,未知年建成
有色地勘大厦,"('6362', '元/m')",90天成交0套,2套正在出租,长沙县,汽车东站,2000年建成
星沙三区,"('6367', '元/m')",90天成交0套,20套正在出租,长沙县,开元路,2000年建成
紫晶城二期,"('6368', '元/m')",90天成交3套,41套正在出租,长沙县,中南汽车世界,1982年建成
财汇新天地,"('6379', '元/m')",90天成交0套,4套正在出租,长沙县,星沙其他,未知年建成
城西小区,"('6387', '元/m')",90天成交0套,0套正在出租,长沙县,万家丽北,未知年建成
星城雅郡,"('6397', '元/m')",90天成交1套,12套正在出租,长沙县,月湖,2005年建成
天和华城,"('6397', '元/m')",90天成交1套,6套正在出租,长沙县,开元路,2006年建成
博雅湘水湾,"('6397', '元/m')",90天成交8套,17套正在出租,长沙县,泉塘,2009年建成
香槟小镇,"('6406', '元/m')",90天成交3套,23套正在出租,长沙县,开元路,2008年建成
星沙教师公寓,"('6425', '元/m')",90天成交0套,7套正在出租,长沙县,开元路,2007年建成
领秀星城,"('6432', '元/m')",90天成交1套,2套正在出租,长沙县,开元路,2005年建成
新城景苑,"('6433', '元/m')",90天成交0套,1套正在出租,长沙县,星沙其他,2000年建成
楚天家园,"('6468', '元/m')",90天成交0套,42套正在出租,长沙县,开元路,2002年建成
红树湾,"('6476', '元/m')",90天成交4套,42套正在出租,长沙县,万家丽北,2011年建成
长沙县人民政府大院,"('6511', '元/m')",90天成交0套,2套正在出租,长沙县,开元路,未知年建成
金鹰机电小区2区,"('6514', '元/m')",90天成交0套,3套正在出租,长沙县,万家丽北,2004年建成
东门尚苑,"('6519', '元/m')",90天成交2套,20套正在出租,长沙县,汽车东站,2008年建成
长沙县疾病预防控制中心宿舍,"('6524', '元/m')",90天成交1套,0套正在出租,长沙县,开元路,2005年建成
四季星城一期,"('6535', '元/m')",90天成交0套,5套正在出租,长沙县,万家丽北,2008年建成
苹果社区,"('6548', '元/m')",90天成交7套,24套正在出租,长沙县,汽车东站,2000年建成
佳美星城,"('6551', '元/m')",90天成交5套,11套正在出租,长沙县,开元路,2008年建成
鸿润园,"('6560', '元/m')",90天成交1套,7套正在出租,长沙县,星沙其他,2000年建成
金驰东方樾,"('6566', '元/m')",90天成交0套,1套正在出租,长沙县,星沙其他,未知年建成
完美生活小区,"('6577', '元/m')",90天成交2套,20套正在出租,长沙县,万家丽北,2008年建成
蟠龙欣苑,"('6596', '元/m')",90天成交0套,7套正在出租,长沙县,万家丽北,2000年建成
星邮小区,"('6602', '元/m')",90天成交0套,5套正在出租,长沙县,开元路,2000年建成
韶光社区,"('6621', '元/m')",90天成交0套,0套正在出租,长沙县,汽车东站,未知年建成
蝴蝶谷,"('6624', '元/m')",90天成交2套,43套正在出租,长沙县,开元路,2000年建成
方略潇邦,"('6637', '元/m')",90天成交6套,48套正在出租,长沙县,泉塘,2000年建成
长龙湾,"('6688', '元/m')",90天成交1套,3套正在出租,长沙县,开元路,2014年建成
世景华庭,"('6698', '元/m')",90天成交4套,24套正在出租,长沙县,万家丽北,2000年建成
湘商世纪鑫城,"('6709', '元/m')",90天成交0套,7套正在出租,长沙县,开元路,2008年建成
晶华美地,"('6738', '元/m')",90天成交1套,20套正在出租,长沙县,开元路,2006年建成
警苑星城,"('6753', '元/m')",90天成交0套,6套正在出租,长沙县,开元路,2008年建成
申湘宽境,"('6757', '元/m')",90天成交1套,2套正在出租,长沙县,中南汽车世界,2008年建成
博雅例外,"('6762', '元/m')",90天成交0套,40套正在出租,长沙县,开元路,2013年建成
景上鑫苑,"('6764', '元/m')",90天成交0套,9套正在出租,长沙县,开元路,2000年建成
碧桂园漓湘悦,"('6795', '元/m')",90天成交0套,175套正在出租,长沙县,泉塘,2021年建成
达城阳光丽景,"('6802', '元/m')",90天成交0套,4套正在出租,长沙县,开元路,2007年建成
银盘鑫城,"('6849', '元/m')",90天成交1套,8套正在出租,长沙县,月湖,2011年建成
山水人家,"('6854', '元/m')",90天成交0套,10套正在出租,长沙县,开元路,2004年建成
长沙县农机局宿舍,"('6876', '元/m')",90天成交0套,0套正在出租,长沙县,开元路,未知年建成
东升路74号,"('6876', '元/m')",90天成交0套,1套正在出租,长沙县,开元路,未知年建成
星大花园大厦,"('6881', '元/m')",90天成交0套,12套正在出租,长沙县,开元路,2008年建成
新长海广场,"('6898', '元/m')",90天成交2套,123套正在出租,长沙县,泉塘,2010年建成
高峰领寓,"('6908', '元/m')",90天成交0套,5套正在出租,长沙县,汽车东站,2018年建成
时代星空,"('6952', '元/m')",90天成交2套,44套正在出租,长沙县,泉塘,2015年建成
方略学府·佳院,"('6961', '元/m')",90天成交0套,0套正在出租,长沙县,汽车东站,未知年建成
爵士湘,"('6987', '元/m')",90天成交3套,50套正在出租,长沙县,泉塘,2008年建成
万丽景园,"('7025', '元/m')",90天成交0套,6套正在出租,长沙县,万家丽北,2002年建成
江城豪庭,"('7041', '元/m')",90天成交0套,8套正在出租,长沙县,星沙其他,2001年建成
筑梦园,"('7041', '元/m')",90天成交3套,48套正在出租,长沙县,中南汽车世界,2006年建成
楚天世纪城,"('7047', '元/m')",90天成交1套,32套正在出租,长沙县,泉塘,2008年建成
楚天雅郡,"('7052', '元/m')",90天成交6套,36套正在出租,长沙县,泉塘,2006年建成
未来现代城,"('7071', '元/m')",90天成交1套,9套正在出租,长沙县,开元路,2000年建成
紫晶城三期,"('7073', '元/m')",90天成交0套,22套正在出租,长沙县,月湖,2008年建成
彩都,"('7080', '元/m')",90天成交0套,6套正在出租,长沙县,开元路,2000年建成
开源鑫景,"('7113', '元/m')",90天成交0套,9套正在出租,长沙县,开元路,2001年建成
三景国际,"('7143', '元/m')",90天成交1套,17套正在出租,长沙县,泉塘,2000年建成
波隆城市花园,"('7156', '元/m')",90天成交2套,46套正在出租,长沙县,星沙其他,2014年建成
碧桂园天玺湾,"('7163', '元/m')",90天成交0套,1套正在出租,长沙县,松雅湖,未知年建成
水岸世景,"('7185', '元/m')",90天成交3套,85套正在出租,长沙县,开元路,2010年建成
中国铁建国际城,"('7186', '元/m')",90天成交11套,116套正在出租,长沙县,泉塘,2008年建成
和泉嘉园,"('7196', '元/m')",90天成交1套,9套正在出租,长沙县,泉塘,2000年建成
阳光紫薇园,"('7212', '元/m')",90天成交0套,2套正在出租,长沙县,开元路,2005年建成
新蕾品阁居,"('7218', '元/m')",90天成交0套,4套正在出租,长沙县,泉塘,2014年建成
长沙县农业银行住宅楼,"('7221', '元/m')",90天成交0套,2套正在出租,长沙县,开元路,2003年建成
星电恬园,"('7228', '元/m')",90天成交2套,2套正在出租,长沙县,开元路,2013年建成
武广新都城,"('7249', '元/m')",90天成交4套,8套正在出租,长沙县,星沙其他,2010年建成
板桥小区,"('7259', '元/m')",90天成交0套,1套正在出租,长沙县,泉塘,2000年建成
银路家园,"('7260', '元/m')",90天成交0套,1套正在出租,长沙县,开元路,2009年建成
幸福洋房,"('7276', '元/m')",90天成交0套,12套正在出租,长沙县,开元路,2006年建成
昌和商业中心,"('7281', '元/m')",90天成交2套,28套正在出租,长沙县,泉塘,2004年建成
圆梦康乐城,"('7339', '元/m')",90天成交3套,15套正在出租,长沙县,开元路,2011年建成
财富港湾,"('7343', '元/m')",90天成交0套,15套正在出租,长沙县,开元路,2015年建成
碧桂园星荟,"('7396', '元/m')",90天成交0套,188套正在出租,长沙县,星沙其他,2022年建成
金科美邻汇,"('7398', '元/m')",90天成交0套,21套正在出租,长沙县,汽车东站,2019年建成
尚城商务楼,"('7404', '元/m')",90天成交1套,31套正在出租,长沙县,开元路,2001年建成
山水人家一二期,"('7493', '元/m')",90天成交1套,10套正在出租,长沙县,开元路,1998年建成
松雅湖畔,"('7497', '元/m')",90天成交1套,6套正在出租,长沙县,松雅湖,2010年建成
长沙县国税局宿舍,"('7502', '元/m')",90天成交0套,0套正在出租,长沙县,开元路,2004年建成
紫云阁,"('7519', '元/m')",90天成交0套,10套正在出租,长沙县,泉塘,2008年建成
湘预家园,"('7530', '元/m')",90天成交0套,9套正在出租,长沙县,泉塘,2015年建成
星隆国际广场,"('7597', '元/m')",90天成交0套,18套正在出租,长沙县,开元路,2014年建成
三景华御,"('7598', '元/m')",90天成交0套,27套正在出租,长沙县,泉塘,2013年建成
盛地春天里,"('7598', '元/m')",90天成交2套,11套正在出租,长沙县,万家丽北,2014年建成
东业早安星城,"('7605', '元/m')",90天成交4套,15套正在出租,长沙县,汽车东站,2000年建成
旭辉华庭,"('7628', '元/m')",90天成交4套,40套正在出租,长沙县,泉塘,2012年建成
碧家商业广场,"('7656', '元/m')",90天成交0套,9套正在出租,长沙县,松雅湖,2010年建成
三一街区,"('7665', '元/m')",90天成交11套,56套正在出租,长沙县,万家丽北,2000年建成
紫华郡,"('7668', '元/m')",90天成交0套,22套正在出租,长沙县,星沙其他,2014年建成
金科时代中心,"('7693', '元/m')",90天成交11套,311套正在出租,长沙县,泉塘,2012年建成
草莓街区,"('7705', '元/m')",90天成交0套,10套正在出租,长沙县,万家丽北,2009年建成
橄榄城,"('7705', '元/m')",90天成交10套,50套正在出租,长沙县,泉塘,2010年建成
爱琴海岸,"('7709', '元/m')",90天成交2套,38套正在出租,长沙县,松雅湖,2011年建成
楚天世纪城西苑,"('7810', '元/m')",90天成交2套,14套正在出租,长沙县,泉塘,2015年建成
东方美地,"('7824', '元/m')",90天成交1套,38套正在出租,长沙县,汽车东站,2014年建成
旭辉汇樾城,"('7878', '元/m')",90天成交0套,6套正在出租,长沙县,汽车东站,未知年建成
兆坤星悦荟,"('7879', '元/m')",90天成交0套,34套正在出租,长沙县,松雅湖,2017年建成
幸福里润城,"('7883', '元/m')",90天成交2套,11套正在出租,长沙县,开元路,2009年建成
I  DO,"('7897', '元/m')",90天成交0套,52套正在出租,长沙县,开元路,2011年建成
敏捷珑玥府,"('7912', '元/m')",90天成交0套,46套正在出租,长沙县,长沙县,未知年建成
四季星城二期,"('7912', '元/m')",90天成交1套,26套正在出租,长沙县,万家丽北,2014年建成
映悦星府,"('7933', '元/m')",90天成交0套,17套正在出租,长沙县,汽车东站,2018年建成
豪都铭悦广场,"('7947', '元/m')",90天成交0套,1套正在出租,长沙县,泉塘,2017年建成
九六三零一部队星沙小区,"('7952', '元/m')",90天成交0套,2套正在出租,长沙县,开元路,未知年建成
好望谷云邸,"('7981', '元/m')",90天成交3套,13套正在出租,长沙县,万家丽北,2004年建成
佳美紫郡,"('7984', '元/m')",90天成交1套,24套正在出租,长沙县,泉塘,2012年建成
郡原居里,"('7988', '元/m')",90天成交3套,9套正在出租,长沙县,万家丽北,2000年建成
东方航标,"('8001', '元/m')",90天成交0套,25套正在出租,长沙县,开元路,2008年建成
花港小区,"('8019', '元/m')",90天成交0套,0套正在出租,长沙县,星沙其他,未知年建成
高林仕家,"('8049', '元/m')",90天成交1套,21套正在出租,长沙县,泉塘,2012年建成
领东汇,"('8054', '元/m')",90天成交3套,11套正在出租,长沙县,汽车东站,2010年建成
人社局宿舍,"('8077', '元/m')",90天成交0套,0套正在出租,长沙县,开元路,未知年建成
碧桂园星城首府,"('8099', '元/m')",90天成交0套,5套正在出租,长沙县,泉塘,未知年建成
星沙众鑫建材大市场,"('8128', '元/m')",90天成交0套,2套正在出租,长沙县,开元路,2001年建成
泉塘安置区A区,"('8177', '元/m')",90天成交0套,3套正在出租,长沙县,汽车东站,未知年建成
华远海蓝郡,"('8189', '元/m')",90天成交0套,32套正在出租,长沙县,星沙其他,2021年建成
水渡家园,"('8222', '元/m')",90天成交0套,0套正在出租,长沙县,,未知年建成
MOMA当代广场,"('8248', '元/m')",90天成交16套,86套正在出租,长沙县,开元路,2014年建成
未来康桥长郡,"('8276', '元/m')",90天成交10套,122套正在出租,长沙县,泉塘,2010年建成
山水湾,"('8324', '元/m')",90天成交21套,116套正在出租,长沙县,万家丽北,2000年建成
幸福里,"('8331', '元/m')",90天成交2套,11套正在出租,长沙县,开元路,2000年建成
丰源国际,"('8370', '元/m')",90天成交2套,19套正在出租,长沙县,万家丽北,2008年建成
华润凤凰城,"('8385', '元/m')",90天成交7套,74套正在出租,长沙县,开元路,2000年建成
海德公园,"('8386', '元/m')",90天成交4套,54套正在出租,长沙县,泉塘,2000年建成
和悦城,"('8447', '元/m')",90天成交3套,38套正在出租,长沙县,万家丽北,2008年建成
松雅轩,"('8482', '元/m')",90天成交1套,9套正在出租,长沙县,开元路,2013年建成
碧桂园威尼斯城蓝天花语,"('8518', '元/m')",90天成交1套,11套正在出租,长沙县,松雅湖,2002年建成
长轴社区,"('8524', '元/m')",90天成交0套,1套正在出租,长沙县,星沙其他,未知年建成
空港国际星城,"('8534', '元/m')",90天成交0套,2套正在出租,长沙县,星沙其他,2013年建成
盛地尊域,"('8585', '元/m')",90天成交0套,25套正在出租,长沙县,万家丽北,2002年建成
湖湾世景,"('8601', '元/m')",90天成交2套,50套正在出租,长沙县,开元路,2010年建成
恒广国际景园,"('8647', '元/m')",90天成交10套,93套正在出租,长沙县,中南汽车世界,2008年建成
泊林晶城,"('8686', '元/m')",90天成交0套,14套正在出租,长沙县,开元路,2012年建成
花样年华,"('8727', '元/m')",90天成交2套,10套正在出租,长沙县,万家丽北,2007年建成
华润凤凰城五彩城,"('8735', '元/m')",90天成交9套,54套正在出租,长沙县,开元路,2006年建成
旺德府恺悦国际,"('8752', '元/m')",90天成交5套,34套正在出租,长沙县,月湖,2015年建成
松雅湖金岸,"('8849', '元/m')",90天成交0套,5套正在出租,长沙县,松雅湖,2008年建成
深业睿城,"('8887', '元/m')",90天成交9套,49套正在出租,长沙县,开元路,2000年建成
蓝山郡一期,"('8955', '元/m')",90天成交3套,29套正在出租,长沙县,开元路,2000年建成
蓝山郡二期,"('8985', '元/m')",90天成交2套,24套正在出租,长沙县,开元路,2000年建成
湘龙家园跃鳞廊,"('9043', '元/m')",90天成交0套,1套正在出租,长沙县,万家丽北,2005年建成
海伦春天,"('9056', '元/m')",90天成交11套,91套正在出租,长沙县,开元路,2014年建成
印山蓝色海岸,"('9074', '元/m')",90天成交9套,12套正在出租,长沙县,开元路,2009年建成
湖湘奥林匹克花园,"('9160', '元/m')",90天成交0套,32套正在出租,长沙县,中南汽车世界,2014年建成
恒大翡翠华庭,"('9203', '元/m')",90天成交13套,142套正在出租,长沙县,开元路,2010年建成
碧桂园天玺湾,"('9214', '元/m')",90天成交1套,37套正在出租,长沙县,松雅湖,2012年建成
未来漫城,"('9218', '元/m')",90天成交1套,41套正在出租,长沙县,松雅湖,2015年建成
黄花商贸城,"('9241', '元/m')",90天成交0套,0套正在出租,长沙县,星沙其他,未知年建成
华润置地广场二期,"('9270', '元/m')",90天成交4套,160套正在出租,长沙县,开元路,2008年建成
蓝山郡三期,"('9292', '元/m')",90天成交3套,26套正在出租,长沙县,开元路,2008年建成
筑梦佳园,"('9318', '元/m')",90天成交1套,36套正在出租,长沙县,开元路,2000年建成
荣盛花语城,"('9359', '元/m')",90天成交0套,58套正在出租,长沙县,万家丽北,2011年建成
奥凯悦庭,"('9371', '元/m')",90天成交0套,1套正在出租,长沙县,开元路,未知年建成
保利香槟国际,"('9386', '元/m')",90天成交5套,169套正在出租,长沙县,万家丽北,2014年建成
华润凤凰城二期,"('9436', '元/m')",90天成交7套,129套正在出租,长沙县,开元路,2010年建成
世锦家和院,"('9442', '元/m')",90天成交8套,19套正在出租,长沙县,开元路,2012年建成
艾美潇湘,"('9586', '元/m')",90天成交1套,21套正在出租,长沙县,中南汽车世界,2012年建成
君合新城玺樾,"('9588', '元/m')",90天成交0套,32套正在出租,长沙县,汽车东站,2018年建成
美林水郡,"('9596', '元/m')",90天成交2套,19套正在出租,长沙县,中南汽车世界,2000年建成
恒基凯旋门,"('9619', '元/m')",90天成交9套,39套正在出租,长沙县,开元路,2010年建成
筑梦星园,"('9659', '元/m')",90天成交4套,23套正在出租,长沙县,万家丽北,2008年建成
碧桂园威尼斯城水岸人家,"('9664', '元/m')",90天成交1套,30套正在出租,长沙县,松雅湖,2000年建成
尚鑫海悦,"('9695', '元/m')",90天成交0套,29套正在出租,长沙县,开元路,2020年建成
方略城市广场,"('9697', '元/m')",90天成交6套,54套正在出租,长沙县,开元路,2007年建成
华润置地广场一期,"('9812', '元/m')",90天成交7套,31套正在出租,长沙县,开元路,2004年建成
黄花路,"('9832', '元/m')",90天成交0套,0套正在出租,长沙县,星沙其他,未知年建成
星湖湾二期,"('9836', '元/m')",90天成交0套,33套正在出租,长沙县,开元路,2010年建成
电建星湖湾高层一期,"('9878', '元/m')",90天成交6套,12套正在出租,长沙县,开元路,2010年建成
旭辉美的东樾城,"('9951', '元/m')",90天成交0套,9套正在出租,长沙县,开元路,未知年建成
锦苑小区,"('9952', '元/m')",90天成交0套,1套正在出租,长沙县,中南汽车世界,2003年建成
深业喜汇,"('10005', '元/m')",90天成交0套,11套正在出租,长沙县,开元路,2020年建成
鹏基诺亚山林,"('10011', '元/m')",90天成交4套,18套正在出租,长沙县,开元路,2000年建成
凤凰城（三期）紫云府,"('10051', '元/m')",90天成交14套,75套正在出租,长沙县,开元路,2013年建成
陶然居,"('10187', '元/m')",90天成交0套,1套正在出租,长沙县,开元路,2008年建成
恒基凯旋门三期,"('10280', '元/m')",90天成交0套,32套正在出租,长沙县,开元路,2014年建成
国泰九龙湾,"('10321', '元/m')",90天成交6套,124套正在出租,长沙县,松雅湖,2013年建成
悦湖山,"('10357', '元/m')",90天成交8套,24套正在出租,长沙县,广电,2000年建成
佳俊万家府,"('10394', '元/m')",90天成交0套,12套正在出租,长沙县,中南汽车世界,2021年建成
中建悦和城,"('10410', '元/m')",90天成交0套,110套正在出租,长沙县,开元路,2018年建成
星雅美辰,"('10418', '元/m')",90天成交0套,18套正在出租,长沙县,万家丽北,2011年建成
长沙院子,"('10559', '元/m')",90天成交0套,2套正在出租,长沙县,长沙县,未知年建成
碧桂园中央花园,"('10645', '元/m')",90天成交0套,14套正在出租,长沙县,开元路,未知年建成
恒基凯旋门三C期,"('10858', '元/m')",90天成交0套,10套正在出租,长沙县,开元路,2019年建成
碧桂园翘楚棠,"('11430', '元/m')",90天成交0套,55套正在出租,长沙县,万家丽北,未知年建成
中交建发松雅院,"('11611', '元/m')",90天成交0套,9套正在出租,长沙县,开元路,未知年建成
紫气东来,"('11987', '元/m')",90天成交0套,0套正在出租,长沙县,星沙其他,未知年建成
山水芙蓉国际新城,"('12244', '元/m')",90天成交0套,18套正在出租,长沙县,松雅湖,2000年建成
天麓,"('20042', '元/m')",90天成交0套,2套正在出租,岳麓,雷锋大道,2011年建成
品格家园,"('8211', '元/m')",90天成交0套,6套正在出租,岳麓,汽车西站,2006年建成
沁园春,"('11566', '元/m')",90天成交1套,1套正在出租,岳麓,银盆岭,2003年建成
可可小城,"('10129', '元/m')",90天成交3套,6套正在出租,岳麓,麓谷西,2010年建成
岳银二村,"('9079', '元/m')",90天成交1套,1套正在出租,岳麓,银盆岭,1997年建成
加州阳光东区,"('8804', '元/m')",90天成交3套,7套正在出租,岳麓,麓谷东,2006年建成
长房时代城,"('11474', '元/m')",90天成交12套,57套正在出租,岳麓,河西人人乐,2000年建成
金领公寓,"('9514', '元/m')",90天成交1套,1套正在出租,岳麓,麓谷西,2008年建成
远大麓园,"('8992', '元/m')",90天成交1套,3套正在出租,岳麓,麓谷东,2009年建成
园丁小区,"('8103', '元/m')",90天成交0套,1套正在出租,岳麓,河西大学城,2001年建成
嘉华苑,"('11469', '元/m')",90天成交2套,9套正在出租,岳麓,商学院,2002年建成
岳麓1号嘉园,"('13478', '元/m')",90天成交0套,12套正在出租,岳麓,河西步步高,2010年建成
金谷大厦,"('7555', '元/m')",90天成交1套,6套正在出租,岳麓,河西人人乐,2006年建成
麓山雅苑,"('16058', '元/m')",90天成交0套,0套正在出租,岳麓,溁湾镇,2008年建成
公交小区(岳麓),"('12554', '元/m')",90天成交0套,0套正在出租,岳麓,溁湾镇,未知年建成
罗马国际公寓,"('6555', '元/m')",90天成交1套,56套正在出租,岳麓,枫林三路,2000年建成
桔洲印象,"('11121', '元/m')",90天成交2套,0套正在出租,岳麓,东方红,2012年建成
湘腾城市广场,"('11612', '元/m')",90天成交0套,37套正在出租,岳麓,河西步步高,2011年建成
航空母舰小区,"('9949', '元/m')",90天成交0套,1套正在出租,岳麓,溁湾镇,2005年建成
八方小区D区和园,"('32411', '元/m')",90天成交4套,7套正在出租,岳麓,观沙岭,2003年建成
岳麓山庄,"('29755', '元/m')",90天成交0套,0套正在出租,岳麓,溁湾镇,1995年建成
道路运政宿舍,"('7362', '元/m')",90天成交0套,1套正在出租,岳麓,溁湾镇,1990年建成
中南药机厂,"('7944', '元/m')",90天成交0套,0套正在出租,岳麓,银盆岭,2002年建成
长华社区,"('8028', '元/m')",90天成交0套,4套正在出租,岳麓,河西人人乐,2004年建成
风华四季园,"('10373', '元/m')",90天成交1套,2套正在出租,岳麓,银盆岭,2009年建成
溁湾桥,"('7752', '元/m')",90天成交0套,0套正在出租,岳麓,溁湾镇,1994年建成
点彩人家,"('7580', '元/m')",90天成交0套,0套正在出租,岳麓,河西人人乐,2004年建成
裕园大厦,"('6969', '元/m')",90天成交2套,11套正在出租,岳麓,汽车西站,2003年建成
广盛华苑,"('9607', '元/m')",90天成交0套,2套正在出租,岳麓,汽车西站,2008年建成
湘仪家园中区,"('8824', '元/m')",90天成交0套,6套正在出租,岳麓,河西人人乐,1990年建成
青山上坡小区,"('6485', '元/m')",90天成交0套,0套正在出租,岳麓,雷锋大道,2006年建成
沁园经贸小区,"('6501', '元/m')",90天成交0套,6套正在出租,岳麓,汽车西站,2009年建成
罗马国际公寓,"('6555', '元/m')",90天成交1套,56套正在出租,岳麓,枫林三路,2000年建成
红叶公寓小区,"('6569', '元/m')",90天成交0套,0套正在出租,岳麓,银盆岭,2000年建成
涧塘,"('6582', '元/m')",90天成交2套,3套正在出租,岳麓,河西人人乐,1995年建成
欣欣新村,"('6587', '元/m')",90天成交1套,2套正在出租,岳麓,汽车西站,1999年建成
银杏家园,"('6622', '元/m')",90天成交0套,2套正在出租,岳麓,商学院,未知年建成
白鹤泉公司宿舍,"('6639', '元/m')",90天成交0套,0套正在出租,岳麓,岳麓其他,未知年建成
丽臣宿舍,"('6658', '元/m')",90天成交2套,5套正在出租,岳麓,河西步步高,1999年建成
麓山宿舍,"('6672', '元/m')",90天成交0套,0套正在出租,岳麓,汽车西站,未知年建成
麓山慧苑,"('6676', '元/m')",90天成交1套,1套正在出租,岳麓,含浦,2006年建成
望新小区,"('6681', '元/m')",90天成交0套,0套正在出租,岳麓,汽车西站,2001年建成
啤酒厂小区,"('6738', '元/m')",90天成交1套,3套正在出租,岳麓,金星中路,1983年建成
花纸厂宿舍区,"('6742', '元/m')",90天成交1套,1套正在出租,岳麓,桐梓坡,1986年建成
老望开宿舍,"('6755', '元/m')",90天成交0套,0套正在出租,岳麓,河西人人乐,1998年建成
含浦家苑,"('6826', '元/m')",90天成交3套,9套正在出租,岳麓,含浦,2005年建成
锑都家园,"('6838', '元/m')",90天成交4套,29套正在出租,岳麓,含浦,2000年建成
旺佳园,"('6840', '元/m')",90天成交0套,1套正在出租,岳麓,河西人人乐,2007年建成
特殊教育学校宿舍楼,"('6851', '元/m')",90天成交0套,0套正在出租,岳麓,汽车西站,1998年建成
棉麻土厂长宿舍,"('6862', '元/m')",90天成交0套,1套正在出租,岳麓,桐梓坡,1987年建成
湘平科技,"('6863', '元/m')",90天成交0套,0套正在出租,岳麓,河西人人乐,未知年建成
东塘五期,"('6872', '元/m')",90天成交0套,0套正在出租,岳麓,东方红,2005年建成
勤诚达雅阁国际,"('6879', '元/m')",90天成交0套,14套正在出租,岳麓,麓谷东,2006年建成
江滨家园华庭苑,"('6930', '元/m')",90天成交2套,2套正在出租,岳麓,岳麓其他,2017年建成
水厂宿舍(麓山南路),"('6938', '元/m')",90天成交1套,0套正在出租,岳麓,河西大学城,未知年建成
望麓锦园,"('6951', '元/m')",90天成交3套,7套正在出租,岳麓,河西人人乐,2000年建成
裕园大厦,"('6969', '元/m')",90天成交2套,11套正在出租,岳麓,汽车西站,2003年建成
竹马巷,"('6983', '元/m')",90天成交0套,2套正在出租,岳麓,河西人人乐,未知年建成
少管所宿舍,"('6985', '元/m')",90天成交1套,2套正在出租,岳麓,雷锋大道,1998年建成
望麓桥金属回收公司,"('7054', '元/m')",90天成交0套,3套正在出租,岳麓,岳麓山北,未知年建成
楚江华庭,"('7059', '元/m')",90天成交0套,2套正在出租,岳麓,河西人人乐,2007年建成
麓谷和润园,"('7070', '元/m')",90天成交1套,43套正在出租,岳麓,雷锋镇,2007年建成
电子技校宿舍,"('7077', '元/m')",90天成交1套,0套正在出租,岳麓,桐梓坡,1994年建成
溁湾路小学教师宿舍,"('7123', '元/m')",90天成交0套,0套正在出租,岳麓,溁湾镇,1985年建成
餐饮公司宿舍,"('7172', '元/m')",90天成交0套,0套正在出租,岳麓,岳麓山北,未知年建成
兰亭居,"('7174', '元/m')",90天成交1套,3套正在出租,岳麓,汽车西站,2002年建成
石油公司宿舍,"('7175', '元/m')",90天成交0套,0套正在出租,岳麓,河西人人乐,2000年建成
涉外花园,"('7230', '元/m')",90天成交1套,15套正在出租,岳麓,枫林三路,2001年建成
岳银5村,"('7232', '元/m')",90天成交0套,0套正在出租,岳麓,银盆岭,1998年建成
观枫园,"('7233', '元/m')",90天成交0套,1套正在出租,岳麓,溁湾镇,2002年建成
中国人民保险宿舍,"('7235', '元/m')",90天成交0套,0套正在出租,岳麓,汽车西站,未知年建成
水木兰庭,"('7238', '元/m')",90天成交7套,14套正在出租,岳麓,河西人人乐,2006年建成
湖南省胸科医院宿舍,"('7240', '元/m')",90天成交0套,1套正在出租,岳麓,金星中路,2005年建成
金苑花园,"('7243', '元/m')",90天成交0套,0套正在出租,岳麓,商学院,2006年建成
沁园小区,"('7251', '元/m')",90天成交0套,0套正在出租,岳麓,岳麓其他,未知年建成
湘仪家园南区,"('7266', '元/m')",90天成交2套,5套正在出租,岳麓,河西人人乐,2000年建成
馨宇锦园小区,"('7284', '元/m')",90天成交0套,4套正在出租,岳麓,麓谷东,2006年建成
佳和园,"('7287', '元/m')",90天成交0套,1套正在出租,岳麓,汽车西站,2000年建成
湖南师大医学院教工宿舍,"('7294', '元/m')",90天成交2套,1套正在出租,岳麓,河西步步高,1998年建成
汽电小区,"('7301', '元/m')",90天成交2套,5套正在出租,岳麓,商学院,1984年建成
橘洲新苑,"('7334', '元/m')",90天成交1套,6套正在出租,岳麓,观沙岭,1998年建成
废品回收公司,"('7340', '元/m')",90天成交0套,2套正在出租,岳麓,岳麓山北,1982年建成
洋湖明园,"('7346', '元/m')",90天成交1套,18套正在出租,岳麓,岳麓其他,2018年建成
魏家坡机关宿舍,"('7353', '元/m')",90天成交0套,1套正在出租,岳麓,银盆岭,1997年建成
望兴家园,"('7355', '元/m')",90天成交0套,7套正在出租,岳麓,汽车西站,2002年建成
祥和苑,"('7356', '元/m')",90天成交0套,3套正在出租,岳麓,汽车西站,未知年建成
道路运政宿舍,"('7362', '元/m')",90天成交0套,1套正在出租,岳麓,溁湾镇,1990年建成
佳广楼,"('7365', '元/m')",90天成交0套,3套正在出租,岳麓,银盆岭,2005年建成
天泰怡园,"('7398', '元/m')",90天成交0套,0套正在出租,岳麓,雷锋大道,2000年建成
科学村社区,"('7403', '元/m')",90天成交2套,3套正在出租,岳麓,河西大学城,1982年建成
新诚小区,"('7405', '元/m')",90天成交0套,2套正在出租,岳麓,观沙岭,2008年建成
咸嘉花园,"('7414', '元/m')",90天成交0套,4套正在出租,岳麓,商学院,2000年建成
重阳路,"('7429', '元/m')",90天成交0套,1套正在出租,岳麓,汽车西站,1999年建成
市六运宿舍,"('7431', '元/m')",90天成交0套,1套正在出租,岳麓,桐梓坡,未知年建成
百业家园,"('7436', '元/m')",90天成交0套,2套正在出租,岳麓,岳麓其他,未知年建成
九龙领仕汇,"('7447', '元/m')",90天成交6套,30套正在出租,岳麓,岳麓其他,2000年建成
中国烟草望城区宿舍,"('7475', '元/m')",90天成交0套,0套正在出租,岳麓,汽车西站,1999年建成
黄泥岭社区,"('7475', '元/m')",90天成交0套,4套正在出租,岳麓,金星中路,未知年建成
金荣誉峰翡翠花园,"('7484', '元/m')",90天成交0套,0套正在出租,岳麓,麓谷东,2012年建成
麓谷沐春园,"('7485', '元/m')",90天成交0套,7套正在出租,岳麓,麓谷东,2002年建成
广裕花园,"('7490', '元/m')",90天成交0套,1套正在出租,岳麓,商学院,未知年建成
锦纶厂家属区,"('7496', '元/m')",90天成交0套,0套正在出租,岳麓,滨江新城,未知年建成
桔洲新苑,"('7506', '元/m')",90天成交0套,2套正在出租,岳麓,东方红,2000年建成
新天地,"('7508', '元/m')",90天成交1套,3套正在出租,岳麓,银盆岭,2000年建成
西苑公寓,"('7545', '元/m')",90天成交0套,1套正在出租,岳麓,金星中路,2003年建成
金谷大厦,"('7555', '元/m')",90天成交1套,6套正在出租,岳麓,河西人人乐,2006年建成
建安像素汇,"('7555', '元/m')",90天成交0套,19套正在出租,岳麓,麓谷东,2005年建成
三里垅小区,"('7570', '元/m')",90天成交0套,21套正在出租,岳麓,汽车西站,1993年建成
长沙轴承厂河西宿舍,"('7572', '元/m')",90天成交0套,1套正在出租,岳麓,河西步步高,1997年建成
园林局宿舍,"('7573', '元/m')",90天成交0套,1套正在出租,岳麓,桐梓坡,1998年建成
点彩人家,"('7580', '元/m')",90天成交0套,0套正在出租,岳麓,河西人人乐,2004年建成
枫华府第,"('7582', '元/m')",90天成交7套,12套正在出租,岳麓,含浦,2000年建成
航天大院,"('7606', '元/m')",90天成交5套,16套正在出租,岳麓,梅溪湖北岸,1990年建成
阿波罗宿舍,"('7609', '元/m')",90天成交1套,0套正在出租,岳麓,桐梓坡,1984年建成
河西布市,"('7639', '元/m')",90天成交0套,2套正在出租,岳麓,汽车西站,2000年建成
枇杷塘社区,"('7668', '元/m')",90天成交0套,1套正在出租,岳麓,岳麓其他,1996年建成
湖南省艺术职业学校教工宿舍,"('7671', '元/m')",90天成交0套,0套正在出租,岳麓,汽车西站,1982年建成
靳江明珠,"('7682', '元/m')",90天成交0套,7套正在出租,岳麓,含浦,2005年建成
江南公寓,"('7687', '元/m')",90天成交0套,1套正在出租,岳麓,商学院,2005年建成
麓山里,"('7691', '元/m')",90天成交0套,5套正在出租,岳麓,含浦,2000年建成
广厦新苑A区,"('7696', '元/m')",90天成交2套,26套正在出租,岳麓,汽车西站,2003年建成
中海阅溪府,"('7698', '元/m')",90天成交0套,3套正在出租,岳麓,东方红,未知年建成
金麓大厦,"('7726', '元/m')",90天成交0套,0套正在出租,岳麓,河西人人乐,2000年建成
谷山庭苑一区,"('7728', '元/m')",90天成交5套,2套正在出租,岳麓,观沙岭,2010年建成
工商银行宿舍,"('7735', '元/m')",90天成交0套,1套正在出租,岳麓,银盆岭,2001年建成
山水新城,"('7736', '元/m')",90天成交6套,10套正在出租,岳麓,河西人人乐,2006年建成
溁湾桥,"('7752', '元/m')",90天成交0套,0套正在出租,岳麓,溁湾镇,1994年建成
工商银行职工宿舍,"('7764', '元/m')",90天成交0套,0套正在出租,岳麓,河西大学城,1995年建成
好家园,"('7766', '元/m')",90天成交0套,8套正在出租,岳麓,观沙岭,2005年建成
谷山乐园一期,"('7771', '元/m')",90天成交0套,3套正在出租,岳麓,观沙岭,2010年建成
标志麓谷坐标,"('7780', '元/m')",90天成交0套,7套正在出租,岳麓,麓谷东,2007年建成
大坝咀小区,"('7811', '元/m')",90天成交0套,9套正在出租,岳麓,汽车西站,2000年建成
望月湖小区二片区,"('7819', '元/m')",90天成交3套,0套正在出租,岳麓,溁湾镇,1990年建成
气象局宿舍,"('7824', '元/m')",90天成交0套,0套正在出租,岳麓,汽车西站,未知年建成
中国农业银行宿舍,"('7825', '元/m')",90天成交0套,0套正在出租,岳麓,溁湾镇,2006年建成
天顶商贸城,"('7836', '元/m')",90天成交0套,0套正在出租,岳麓,汽车西站,未知年建成
省工商局宿舍,"('7849', '元/m')",90天成交0套,2套正在出租,岳麓,岳麓山北,2000年建成
广厦新苑B区,"('7849', '元/m')",90天成交1套,2套正在出租,岳麓,汽车西站,2004年建成
烟批宿舍,"('7872', '元/m')",90天成交0套,0套正在出租,岳麓,溁湾镇,1985年建成
中医药研究院宿舍,"('7878', '元/m')",90天成交0套,0套正在出租,岳麓,溁湾镇,未知年建成
奥克斯广场,"('7879', '元/m')",90天成交0套,53套正在出租,岳麓,银盆岭,2012年建成
潭家冲15号,"('7882', '元/m')",90天成交0套,0套正在出租,岳麓,岳麓山北,1995年建成
时代天骄,"('7884', '元/m')",90天成交0套,2套正在出租,岳麓,河西人人乐,2004年建成
城西公寓,"('7886', '元/m')",90天成交0套,20套正在出租,岳麓,汽车西站,2007年建成
和园,"('7898', '元/m')",90天成交0套,2套正在出租,岳麓,商学院,2001年建成
魏家坡小区,"('7905', '元/m')",90天成交1套,1套正在出租,岳麓,银盆岭,1995年建成
麓谷雅园,"('7908', '元/m')",90天成交2套,5套正在出租,岳麓,麓谷东,2003年建成
冷柜厂宿舍,"('7918', '元/m')",90天成交0套,1套正在出租,岳麓,桐梓坡,1988年建成
外贸经济公司宿舍,"('7921', '元/m')",90天成交0套,2套正在出租,岳麓,岳麓山北,未知年建成
建设新村,"('7941', '元/m')",90天成交0套,0套正在出租,岳麓,王家湾,2005年建成
中南药机厂,"('7944', '元/m')",90天成交0套,0套正在出租,岳麓,银盆岭,2002年建成
创信商贸城,"('7950', '元/m')",90天成交0套,0套正在出租,岳麓,河西大学城,2011年建成
谷山乐园2期,"('7977', '元/m')",90天成交1套,4套正在出租,岳麓,观沙岭,2000年建成
长华社区,"('8028', '元/m')",90天成交0套,4套正在出租,岳麓,河西人人乐,2004年建成
湖南警察学院白云路宿舍区,"('8043', '元/m')",90天成交0套,1套正在出租,岳麓,岳麓山北,1988年建成
嘉文苑,"('8047', '元/m')",90天成交4套,18套正在出租,岳麓,商学院,2000年建成
平和堂生活小区,"('8053', '元/m')",90天成交0套,2套正在出租,岳麓,银盆岭,2003年建成
园丁小区,"('8103', '元/m')",90天成交0套,1套正在出租,岳麓,河西大学城,2001年建成
C4小区,"('8119', '元/m')",90天成交0套,1套正在出租,岳麓,桐梓坡,2003年建成
金麓小区,"('8121', '元/m')",90天成交9套,8套正在出租,岳麓,观沙岭,1998年建成
区工商局宿舍,"('8129', '元/m')",90天成交1套,0套正在出租,岳麓,溁湾镇,2001年建成
望城航运宿舍,"('8129', '元/m')",90天成交0套,0套正在出租,岳麓,岳麓山北,未知年建成
静宜园小区,"('8130', '元/m')",90天成交1套,0套正在出租,岳麓,王家湾,1993年建成
丽都桃源,"('8154', '元/m')",90天成交6套,7套正在出租,岳麓,河西人人乐,1999年建成
兰卡威国际,"('8155', '元/m')",90天成交0套,14套正在出租,岳麓,银盆岭,2004年建成
阳明山庄,"('8159', '元/m')",90天成交6套,20套正在出租,岳麓,麓谷东,2000年建成
麓景裕园,"('8160', '元/m')",90天成交2套,5套正在出租,岳麓,麓谷东,2011年建成
金峰小区北苑,"('8161', '元/m')",90天成交2套,7套正在出租,岳麓,河西人人乐,1997年建成
谷山庭苑二期,"('8167', '元/m')",90天成交0套,5套正在出租,岳麓,观沙岭,2014年建成
锰业宿舍,"('8175', '元/m')",90天成交0套,0套正在出租,岳麓,溁湾镇,2003年建成
奥园城市天骄,"('8183', '元/m')",90天成交0套,29套正在出租,岳麓,汽车西站,未知年建成
红泥山小区,"('8189', '元/m')",90天成交0套,1套正在出租,岳麓,溁湾镇,2000年建成
望新路17号,"('8198', '元/m')",90天成交0套,1套正在出租,岳麓,岳麓山北,未知年建成
品格家园,"('8211', '元/m')",90天成交0套,6套正在出租,岳麓,汽车西站,2006年建成
卓峰家园,"('8214', '元/m')",90天成交0套,3套正在出租,岳麓,岳麓山北,2002年建成
食用菌研究所宿舍,"('8217', '元/m')",90天成交0套,0套正在出租,岳麓,河西步步高,2000年建成
船舶厂宿舍,"('8232', '元/m')",90天成交0套,0套正在出租,岳麓,滨江新城,1991年建成
湖南师范大学咸嘉湖校区教工宿舍,"('8232', '元/m')",90天成交0套,0套正在出租,岳麓,金星中路,未知年建成
阳光城,"('8240', '元/m')",90天成交0套,5套正在出租,岳麓,桐梓坡,2000年建成
广厦新苑C区,"('8268', '元/m')",90天成交0套,11套正在出租,岳麓,汽车西站,2009年建成
中共湖南省委党校员工宿舍,"('8279', '元/m')",90天成交4套,1套正在出租,岳麓,岳麓山北,1989年建成
箭弓山一期,"('8279', '元/m')",90天成交0套,2套正在出租,岳麓,汽车西站,1998年建成
江山花园,"('8280', '元/m')",90天成交0套,1套正在出租,岳麓,银盆岭,1998年建成
望月湖小区三片区,"('8285', '元/m')",90天成交1套,1套正在出租,岳麓,溁湾镇,1985年建成
保利麓谷林语I区,"('8291', '元/m')",90天成交2套,96套正在出租,岳麓,麓谷西,2013年建成
狮子岭,"('8324', '元/m')",90天成交0套,3套正在出租,岳麓,银盆岭,1995年建成
金峰小区南院,"('8328', '元/m')",90天成交0套,6套正在出租,岳麓,市政府,2006年建成
麓谷燕园,"('8338', '元/m')",90天成交0套,0套正在出租,岳麓,河西人人乐,2006年建成
广泰锦苑,"('8346', '元/m')",90天成交3套,49套正在出租,岳麓,河西人人乐,2013年建成
盐业公司宿舍,"('8357', '元/m')",90天成交1套,1套正在出租,岳麓,溁湾镇,1992年建成
老鸦冲小区,"('8360', '元/m')",90天成交0套,2套正在出租,岳麓,滨江新城,1994年建成
麓谷e家人,"('8368', '元/m')",90天成交3套,11套正在出租,岳麓,麓谷东,2005年建成
兴安苑,"('8374', '元/m')",90天成交0套,0套正在出租,岳麓,观沙岭,2000年建成
谷山乐园三期,"('8393', '元/m')",90天成交0套,1套正在出租,岳麓,观沙岭,2010年建成
涧塘小区,"('8418', '元/m')",90天成交0套,1套正在出租,岳麓,汽车西站,1997年建成
阳光晶城,"('8442', '元/m')",90天成交5套,13套正在出租,岳麓,河西人人乐,2011年建成
诚兴园,"('8447', '元/m')",90天成交10套,24套正在出租,岳麓,河西人人乐,2000年建成
永盛大厦,"('8469', '元/m')",90天成交0套,0套正在出租,岳麓,枫林三路,未知年建成
麓山美庐,"('8477', '元/m')",90天成交0套,0套正在出租,岳麓,河西大学城,2005年建成
润嘉公园道,"('8484', '元/m')",90天成交0套,29套正在出租,岳麓,岳麓山北,2000年建成
石岭塘社区,"('8492', '元/m')",90天成交0套,4套正在出租,岳麓,观沙岭,2000年建成
嘉汇公馆,"('8503', '元/m')",90天成交0套,8套正在出租,岳麓,河西人人乐,2014年建成
观湖公寓,"('8512', '元/m')",90天成交4套,36套正在出租,岳麓,金星中路,2012年建成
岳麓书社,"('8514', '元/m')",90天成交0套,0套正在出租,岳麓,溁湾镇,未知年建成
麓山润城,"('8517', '元/m')",90天成交0套,8套正在出租,岳麓,枫林三路,2000年建成
杜家塘小区,"('8517', '元/m')",90天成交1套,4套正在出租,岳麓,溁湾镇,1988年建成
望月湖小区五片区,"('8519', '元/m')",90天成交2套,1套正在出租,岳麓,溁湾镇,1988年建成
弘坤花样汇,"('8529', '元/m')",90天成交0套,69套正在出租,岳麓,梅溪湖北岸,2009年建成
延农六期,"('8529', '元/m')",90天成交0套,1套正在出租,岳麓,东方红,2000年建成
北辰时光里,"('8532', '元/m')",90天成交0套,46套正在出租,岳麓,观沙岭,未知年建成
温馨家园,"('8535', '元/m')",90天成交0套,0套正在出租,岳麓,银盆岭,未知年建成
麓山和苑,"('8550', '元/m')",90天成交10套,71套正在出租,岳麓,含浦,2009年建成
望月湖小区一片区,"('8564', '元/m')",90天成交2套,1套正在出租,岳麓,溁湾镇,1984年建成
德润园,"('8578', '元/m')",90天成交6套,9套正在出租,岳麓,观沙岭,1998年建成
树达学院家属楼,"('8580', '元/m')",90天成交1套,2套正在出租,岳麓,王家湾,1986年建成
原二鞋厂宿舍,"('8581', '元/m')",90天成交1套,1套正在出租,岳麓,商学院,1969年建成
金星公寓,"('8596', '元/m')",90天成交0套,1套正在出租,岳麓,市政府,2003年建成
省肿瘤医院宿舍,"('8600', '元/m')",90天成交0套,2套正在出租,岳麓,河西步步高,1990年建成
水印华府,"('8609', '元/m')",90天成交0套,6套正在出租,岳麓,岳麓其他,1998年建成
市政局宿舍,"('8619', '元/m')",90天成交0套,2套正在出租,岳麓,溁湾镇,2002年建成
公园尚,"('8631', '元/m')",90天成交16套,37套正在出租,岳麓,含浦,2013年建成
盛大泽西城,"('8632', '元/m')",90天成交2套,21套正在出租,岳麓,观沙岭,1990年建成
嘉兴苑,"('8654', '元/m')",90天成交4套,15套正在出租,岳麓,河西步步高,2000年建成
莲香园,"('8662', '元/m')",90天成交0套,10套正在出租,岳麓,岳麓其他,2015年建成
省工商院外宿舍,"('8665', '元/m')",90天成交0套,2套正在出租,岳麓,岳麓山北,未知年建成
净园小区,"('8668', '元/m')",90天成交0套,0套正在出租,岳麓,商学院,1983年建成
阳光100国际新城二期,"('8673', '元/m')",90天成交5套,35套正在出租,岳麓,阳光100,2000年建成
利海米兰春天小区,"('8676', '元/m')",90天成交16套,114套正在出租,岳麓,含浦,2000年建成
枫树塘小区,"('8682', '元/m')",90天成交0套,1套正在出租,岳麓,桐梓坡,1995年建成
潇湘大厦,"('8683', '元/m')",90天成交0套,0套正在出租,岳麓,河西大学城,2001年建成
荣湾路222号,"('8687', '元/m')",90天成交0套,0套正在出租,岳麓,溁湾镇,未知年建成
银华山庄,"('8689', '元/m')",90天成交0套,1套正在出租,岳麓,雷锋镇,2003年建成
望月湖小区六片区,"('8700', '元/m')",90天成交1套,0套正在出租,岳麓,溁湾镇,1984年建成
云栖谷,"('8721', '元/m')",90天成交10套,53套正在出租,岳麓,含浦,2000年建成
金科世界城,"('8729', '元/m')",90天成交9套,51套正在出租,岳麓,雷锋大道,2015年建成
工商干校宿舍,"('8740', '元/m')",90天成交0套,1套正在出租,岳麓,溁湾镇,1997年建成
湖南省中医药研究北院,"('8756', '元/m')",90天成交0套,1套正在出租,岳麓,桐梓坡,2000年建成
望月公园宿舍,"('8757', '元/m')",90天成交0套,0套正在出租,岳麓,桐梓坡,1994年建成
汽车发动机厂宿舍,"('8762', '元/m')",90天成交0套,2套正在出租,岳麓,桐梓坡,1988年建成
副食品宿舍,"('8765', '元/m')",90天成交0套,0套正在出租,岳麓,溁湾镇,1998年建成
望月湖小区十片区,"('8788', '元/m')",90天成交2套,0套正在出租,岳麓,溁湾镇,1987年建成
麓谷锦和园,"('8793', '元/m')",90天成交0套,9套正在出租,岳麓,枫林三路,2000年建成
加州阳光东区,"('8804', '元/m')",90天成交3套,7套正在出租,岳麓,麓谷东,2006年建成
中南大学南校区教工宿舍,"('8805', '元/m')",90天成交1套,2套正在出租,岳麓,河西大学城,1995年建成
岳南村社区3村,"('8810', '元/m')",90天成交0套,0套正在出租,岳麓,河西大学城,2001年建成
湘仪家园中区,"('8824', '元/m')",90天成交0套,6套正在出租,岳麓,河西人人乐,1990年建成
望月湖小区八片区,"('8845', '元/m')",90天成交0套,0套正在出租,岳麓,溁湾镇,1990年建成
麓山名园,"('8855', '元/m')",90天成交6套,59套正在出租,岳麓,金星中路,2002年建成
四医院宿舍,"('8879', '元/m')",90天成交0套,0套正在出租,岳麓,溁湾镇,2002年建成
望月湖小区九片区,"('8888', '元/m')",90天成交3套,0套正在出租,岳麓,溁湾镇,1990年建成
长沙矿山研究院采矿设备公司宿舍,"('8889', '元/m')",90天成交4套,0套正在出租,岳麓,河西大学城,1959年建成
嘉明苑,"('8914', '元/m')",90天成交0套,6套正在出租,岳麓,河西步步高,2002年建成
胜利村,"('8915', '元/m')",90天成交0套,0套正在出租,岳麓,河西大学城,未知年建成
梅溪雅郡,"('8915', '元/m')",90天成交0套,2套正在出租,岳麓,雷锋镇,未知年建成
中海国际社区2期,"('8920', '元/m')",90天成交12套,132套正在出租,岳麓,含浦,2011年建成
望兴景园,"('8922', '元/m')",90天成交2套,15套正在出租,岳麓,汽车西站,2005年建成
湖南艺术职业学院职工宿舍楼,"('8956', '元/m')",90天成交0套,0套正在出租,岳麓,河西大学城,1979年建成
牛头山小区,"('8972', '元/m')",90天成交0套,0套正在出租,岳麓,河西大学城,1985年建成
长沙望城矿产品有限公司宿舍,"('8976', '元/m')",90天成交0套,1套正在出租,岳麓,汽车西站,未知年建成
联美品格,"('8985', '元/m')",90天成交9套,45套正在出租,岳麓,河西人人乐,2011年建成
永实蔷薇国际,"('8990', '元/m')",90天成交0套,25套正在出租,岳麓,含浦,2017年建成
远大麓园,"('8992', '元/m')",90天成交1套,3套正在出租,岳麓,麓谷东,2009年建成
长房西郡,"('8995', '元/m')",90天成交2套,16套正在出租,岳麓,河西人人乐,2005年建成
航发锦绣家园,"('9029', '元/m')",90天成交3套,20套正在出租,岳麓,梅溪湖北岸,2003年建成
岳麓区检察院宿舍,"('9038', '元/m')",90天成交2套,1套正在出租,岳麓,滨江新城,2005年建成
加州阳光西区,"('9055', '元/m')",90天成交0套,4套正在出租,岳麓,麓谷东,2008年建成
岳银二村,"('9079', '元/m')",90天成交1套,1套正在出租,岳麓,银盆岭,1997年建成
咸嘉西子园,"('9081', '元/m')",90天成交0套,9套正在出租,岳麓,河西步步高,2002年建成
岳银一村,"('9116', '元/m')",90天成交0套,0套正在出租,岳麓,银盆岭,1995年建成
长沙毛巾纺织印染厂宿舍区,"('9120', '元/m')",90天成交0套,0套正在出租,岳麓,滨江新城,未知年建成
枫林绿洲,"('9129', '元/m')",90天成交5套,10套正在出租,岳麓,观沙岭,2000年建成
岳银三村,"('9135', '元/m')",90天成交0套,0套正在出租,岳麓,银盆岭,1995年建成
杜鹃文苑,"('9143', '元/m')",90天成交2套,1套正在出租,岳麓,河西人人乐,2009年建成
洋湖和园,"('9146', '元/m')",90天成交3套,66套正在出租,岳麓,洋湖垸,2012年建成
嘉旺苑,"('9147', '元/m')",90天成交2套,18套正在出租,岳麓,河西步步高,2000年建成
燕子山村,"('9174', '元/m')",90天成交0套,0套正在出租,岳麓,雷锋大道,未知年建成
湖南大学小桃园,"('9186', '元/m')",90天成交1套,0套正在出租,岳麓,河西大学城,未知年建成
牛力家园,"('9187', '元/m')",90天成交0套,2套正在出租,岳麓,岳麓其他,2019年建成
前程丽景,"('9190', '元/m')",90天成交2套,21套正在出租,岳麓,汽车西站,2009年建成
鼎丰园,"('9192', '元/m')",90天成交0套,1套正在出租,岳麓,银盆岭,未知年建成
奥克斯洋湖广场,"('9217', '元/m')",90天成交0套,109套正在出租,岳麓,洋湖垸,2017年建成
中天山语林居,"('9225', '元/m')",90天成交0套,4套正在出租,岳麓,岳麓其他,2000年建成
洋湖style,"('9277', '元/m')",90天成交10套,48套正在出租,岳麓,含浦,2015年建成
保利海德公园,"('9278', '元/m')",90天成交0套,23套正在出租,岳麓,桐梓坡,2021年建成
邮局宿舍,"('9278', '元/m')",90天成交0套,0套正在出租,岳麓,溁湾镇,1996年建成
威胜大厦,"('9288', '元/m')",90天成交0套,1套正在出租,岳麓,银盆岭,2014年建成
中房F联邦,"('9297', '元/m')",90天成交6套,46套正在出租,岳麓,枫林三路,2007年建成
安塑小区,"('9297', '元/m')",90天成交0套,2套正在出租,岳麓,商学院,2000年建成
天峰名苑,"('9297', '元/m')",90天成交2套,4套正在出租,岳麓,河西步步高,2006年建成
未来城,"('9298', '元/m')",90天成交8套,13套正在出租,岳麓,河西人人乐,2008年建成
小时代,"('9303', '元/m')",90天成交0套,19套正在出租,岳麓,河西人人乐,2016年建成
万利新村,"('9311', '元/m')",90天成交0套,1套正在出租,岳麓,桐梓坡,2001年建成
省人防办宿舍,"('9324', '元/m')",90天成交0套,4套正在出租,岳麓,岳麓山北,1988年建成
天悦国际,"('9325', '元/m')",90天成交0套,38套正在出租,岳麓,枫林三路,2017年建成
和馨园,"('9373', '元/m')",90天成交0套,3套正在出租,岳麓,东方红,2006年建成
长房云西府,"('9377', '元/m')",90天成交0套,7套正在出租,岳麓,雷锋大道,2021年建成
长房八方里,"('9386', '元/m')",90天成交2套,10套正在出租,岳麓,市政府,2005年建成
银太家园,"('9396', '元/m')",90天成交0套,1套正在出租,岳麓,河西人人乐,2015年建成
星语林汀湘十里,"('9396', '元/m')",90天成交7套,15套正在出租,岳麓,含浦,2000年建成
佳兴国际汇,"('9415', '元/m')",90天成交0套,34套正在出租,岳麓,金星中路,2000年建成
富景园,"('10026', '元/m')",90天成交10套,13套正在出租,天心,德思勤,2000年建成
天城尚品,"('10433', '元/m')",90天成交4套,4套正在出租,天心,德思勤,2006年建成
华电湘苑,"('11652', '元/m')",90天成交2套,1套正在出租,天心,省政府,2000年建成
明媚星城,"('11471', '元/m')",90天成交1套,2套正在出租,天心,书院路,2004年建成
天城泰祥苑,"('9351', '元/m')",90天成交2套,2套正在出租,天心,湘府路,2000年建成
天和家园,"('9167', '元/m')",90天成交3套,6套正在出租,天心,汽车南站,2005年建成
景荣华苑,"('9195', '元/m')",90天成交2套,3套正在出租,天心,德思勤,1996年建成
天鸿天府,"('11253', '元/m')",90天成交0套,2套正在出租,天心,铁道学院,2009年建成
南湖公寓,"('7066', '元/m')",90天成交1套,4套正在出租,天心,黄土岭,1995年建成
丽江翠园,"('6821', '元/m')",90天成交1套,4套正在出租,天心,新开铺,2006年建成
轻苑小区,"('7417', '元/m')",90天成交0套,8套正在出租,天心,书院路,1988年建成
涂新小区,"('7861', '元/m')",90天成交0套,17套正在出租,天心,黄土岭,1989年建成
生活艺术城,"('8770', '元/m')",90天成交4套,30套正在出租,天心,德思勤,2007年建成
南国新城,"('9561', '元/m')",90天成交2套,6套正在出租,天心,南郊公园,2000年建成
钱隆学府,"('10178', '元/m')",90天成交6套,19套正在出租,天心,省政府,2011年建成
天翔新新家园,"('8461', '元/m')",90天成交0套,14套正在出租,天心,新开铺,2006年建成
富绿山庄,"('6222', '元/m')",90天成交0套,9套正在出租,天心,铁道学院,2001年建成
书院观邸,"('13782', '元/m')",90天成交1套,4套正在出租,天心,书院路,2009年建成
创远景园,"('14612', '元/m')",90天成交0套,4套正在出租,天心,书院路,2002年建成
香溢豪庭,"('9611', '元/m')",90天成交0套,2套正在出租,天心,铁道学院,2005年建成
九峰小区,"('17920', '元/m')",90天成交2套,4套正在出租,天心,省政府,2009年建成
景泰雅苑,"('10533', '元/m')",90天成交1套,5套正在出租,天心,书院路,2000年建成
润沁园小区,"('11861', '元/m')",90天成交0套,3套正在出租,天心,书院路,2002年建成
金泰小区,"('7653', '元/m')",90天成交1套,7套正在出租,天心,书院路,1992年建成
涂北新村,"('8285', '元/m')",90天成交0套,4套正在出租,天心,黄土岭,1990年建成
白沙世纪佳园西区,"('10097', '元/m')",90天成交4套,8套正在出租,天心,德思勤,2005年建成
佳逸豪园,"('12241', '元/m')",90天成交0套,6套正在出租,天心,侯家塘,2006年建成
长沙欧洲城,"('12646', '元/m')",90天成交13套,30套正在出租,天心,德思勤,2003年建成
湘林小区,"('10294', '元/m')",90天成交0套,17套正在出租,天心,铁道学院,2004年建成
万芙锦城,"('9169', '元/m')",90天成交2套,40套正在出租,天心,铁道学院,2010年建成
昆仑和府华庭,"('6159', '元/m')",90天成交0套,3套正在出租,天心,暮云,2003年建成
城南花苑,"('6206', '元/m')",90天成交0套,2套正在出租,天心,黄土岭,2006年建成
富绿山庄,"('6222', '元/m')",90天成交0套,9套正在出租,天心,铁道学院,2001年建成
标志商务中心,"('6235', '元/m')",90天成交0套,17套正在出租,天心,湘府路,2006年建成
万鑫嘉园,"('6253', '元/m')",90天成交1套,2套正在出租,天心,暮云,2005年建成
华悦阁,"('6263', '元/m')",90天成交1套,2套正在出租,天心,南郊公园,2000年建成
航道宿舍,"('6283', '元/m')",90天成交0套,1套正在出租,天心,书院路,1983年建成
浦沅生活三区,"('6303', '元/m')",90天成交0套,0套正在出租,天心,金盆岭,未知年建成
韶峰星苑,"('6304', '元/m')",90天成交1套,9套正在出租,天心,暮云,2000年建成
电梯厂宿舍,"('6317', '元/m')",90天成交0套,0套正在出租,天心,书院路,未知年建成
义茶亭1号,"('6317', '元/m')",90天成交0套,0套正在出租,天心,东塘,未知年建成
长沙商贸旅游职业技术学校,"('6325', '元/m')",90天成交0套,2套正在出租,天心,铁道学院,未知年建成
扫把塘社区,"('6344', '元/m')",90天成交0套,1套正在出租,天心,侯家塘,1994年建成
东瓜山一村,"('6369', '元/m')",90天成交1套,3套正在出租,天心,书院路,1979年建成
白沙公寓,"('6385', '元/m')",90天成交0套,0套正在出租,天心,书院路,2002年建成
鑫天格林香山,"('6388', '元/m')",90天成交3套,8套正在出租,天心,暮云,2015年建成
长沙铝厂家属区,"('6394', '元/m')",90天成交2套,2套正在出租,天心,新开铺,1999年建成
沙湖街77号,"('6411', '元/m')",90天成交0套,0套正在出租,天心,黄土岭,未知年建成
天鸿小区,"('6414', '元/m')",90天成交0套,0套正在出租,天心,铁道学院,1997年建成
怡海星城,"('6438', '元/m')",90天成交30套,112套正在出租,天心,暮云,1997年建成
凯富漫城,"('6505', '元/m')",90天成交0套,8套正在出租,天心,暮云,2000年建成
创世纪广场,"('6530', '元/m')",90天成交0套,18套正在出租,天心,暮云,2012年建成
医疗器械有限公司宿舍,"('6530', '元/m')",90天成交0套,1套正在出租,天心,东塘,未知年建成
广厦新村,"('6534', '元/m')",90天成交6套,32套正在出租,天心,南郊公园,1995年建成
杏花苑,"('6544', '元/m')",90天成交0套,3套正在出租,天心,书院路,1980年建成
湖南省送变电宿舍,"('6560', '元/m')",90天成交0套,2套正在出租,天心,黄土岭,未知年建成
湖开小区,"('6616', '元/m')",90天成交1套,8套正在出租,天心,金盆岭,1992年建成
天剑社区,"('6626', '元/m')",90天成交0套,6套正在出租,天心,书院路,1991年建成
长沙市第二汽车修制厂宿舍,"('6627', '元/m')",90天成交0套,0套正在出租,天心,金盆岭,1996年建成
二机小区,"('6638', '元/m')",90天成交2套,11套正在出租,天心,黄土岭,1979年建成
水工小区,"('6675', '元/m')",90天成交0套,1套正在出租,天心,书院路,1984年建成
南园小区,"('6697', '元/m')",90天成交1套,21套正在出租,天心,铁道学院,1985年建成
山水印象,"('6700', '元/m')",90天成交5套,35套正在出租,天心,暮云,2000年建成
中国电子科技集团公司第四十八研究所单位房,"('6714', '元/m')",90天成交2套,0套正在出租,天心,省政府,1985年建成
铜铝材厂宿舍,"('6734', '元/m')",90天成交0套,0套正在出租,天心,书院路,未知年建成
第六工程公司宿舍,"('6776', '元/m')",90天成交0套,1套正在出租,天心,书院路,1995年建成
宝塔山社区,"('6782', '元/m')",90天成交0套,1套正在出租,天心,书院路,1985年建成
向东园,"('6786', '元/m')",90天成交0套,0套正在出租,天心,书院路,1980年建成
佛奥康桥水岸,"('6819', '元/m')",90天成交2套,8套正在出租,天心,暮云,2014年建成
丽江翠园,"('6821', '元/m')",90天成交1套,4套正在出租,天心,新开铺,2006年建成
华光外贸,"('6824', '元/m')",90天成交0套,2套正在出租,天心,黄土岭,1993年建成
邮电学院家属区,"('6838', '元/m')",90天成交0套,0套正在出租,天心,黄土岭,1994年建成
湖南有色金属研究院第一生活区,"('6838', '元/m')",90天成交1套,2套正在出租,天心,黄土岭,1980年建成
环线指挥部宿舍,"('6841', '元/m')",90天成交0套,3套正在出租,天心,金盆岭,1992年建成
西湖新村,"('6856', '元/m')",90天成交0套,0套正在出租,天心,五一广场,1996年建成
解放四村,"('6882', '元/m')",90天成交0套,6套正在出租,天心,书院路,1990年建成
塑料六厂宿舍,"('6893', '元/m')",90天成交0套,0套正在出租,天心,黄土岭,未知年建成
静谧园,"('6894', '元/m')",90天成交0套,4套正在出租,天心,金盆岭,1999年建成
友园山庄,"('6895', '元/m')",90天成交0套,4套正在出租,天心,铁道学院,2002年建成
微生物研究所宿舍,"('6903', '元/m')",90天成交1套,0套正在出租,天心,南郊公园,1997年建成
长沙水泵厂,"('6917', '元/m')",90天成交4套,5套正在出租,天心,金盆岭,1980年建成
华菱蓝调国际,"('6919', '元/m')",90天成交1套,21套正在出租,天心,金盆岭,2007年建成
中悦领秀城,"('6920', '元/m')",90天成交1套,8套正在出租,天心,暮云,2012年建成
气象佳园,"('6922', '元/m')",90天成交0套,3套正在出租,天心,暮云,2000年建成
佳园生活广场,"('6961', '元/m')",90天成交0套,0套正在出租,天心,暮云,2012年建成
书苑花园,"('6988', '元/m')",90天成交0套,5套正在出租,天心,书院路,1995年建成
建行天心支行宿舍,"('7011', '元/m')",90天成交0套,1套正在出租,天心,东塘,1990年建成
花漾年华,"('7021', '元/m')",90天成交5套,37套正在出租,天心,省政府,2008年建成
新力铂园,"('7027', '元/m')",90天成交0套,24套正在出租,天心,南郊公园,未知年建成
黄土岭村职工住宅,"('7038', '元/m')",90天成交0套,4套正在出租,天心,黄土岭,1980年建成
仁和家园,"('7048', '元/m')",90天成交2套,13套正在出租,天心,新开铺,2002年建成
公交金盆小区,"('7060', '元/m')",90天成交0套,4套正在出租,天心,金盆岭,1980年建成
南湖公寓,"('7066', '元/m')",90天成交1套,4套正在出租,天心,黄土岭,1995年建成
中国保险管理干部学院宿舍,"('7071', '元/m')",90天成交0套,0套正在出租,天心,汽车南站,1987年建成
赤岭路321号,"('7099', '元/m')",90天成交0套,1套正在出租,天心,金盆岭,1994年建成
兴威名城,"('7105', '元/m')",90天成交2套,5套正在出租,天心,黄土岭,2005年建成
湖南省变电修试安装公司宿舍东瓜山二村,"('7114', '元/m')",90天成交1套,6套正在出租,天心,书院路,1975年建成
上庭苑,"('7116', '元/m')",90天成交0套,1套正在出租,天心,省政府,2008年建成
华丽家族,"('7121', '元/m')",90天成交3套,7套正在出租,天心,南郊公园,2000年建成
凯华大厦,"('7123', '元/m')",90天成交0套,2套正在出租,天心,侯家塘,1995年建成
富绿新村,"('7124', '元/m')",90天成交3套,17套正在出租,天心,南郊公园,2002年建成
长坡社区,"('7130', '元/m')",90天成交3套,18套正在出租,天心,黄土岭,1990年建成
湖南省水利水电公司宿舍,"('7150', '元/m')",90天成交0套,7套正在出租,天心,黄土岭,1995年建成
盛世康城,"('7156', '元/m')",90天成交3套,9套正在出租,天心,新开铺,2007年建成
天心区国税局,"('7164', '元/m')",90天成交2套,5套正在出租,天心,书院路,1996年建成
德泽苑,"('7169', '元/m')",90天成交11套,20套正在出租,天心,暮云,2000年建成
湖南电器科学研究院宿舍,"('7171', '元/m')",90天成交0套,1套正在出租,天心,金盆岭,1998年建成
亨璟楼,"('7184', '元/m')",90天成交1套,0套正在出租,天心,书院路,2010年建成
保险公司宿舍,"('7189', '元/m')",90天成交0套,0套正在出租,天心,书院路,2000年建成
百姓建材铝塑市场,"('7203', '元/m')",90天成交1套,3套正在出租,天心,新开铺,2000年建成
西牌楼17号,"('7237', '元/m')",90天成交0套,0套正在出租,天心,五一广场,未知年建成
青山祠社区,"('7240', '元/m')",90天成交0套,0套正在出租,天心,书院路,1981年建成
湘茶大厦,"('7243', '元/m')",90天成交0套,0套正在出租,天心,五一广场,2007年建成
楚湘社区,"('7251', '元/m')",90天成交0套,3套正在出租,天心,书院路,1995年建成
南苑花园,"('7261', '元/m')",90天成交0套,7套正在出租,天心,铁道学院,2005年建成
杏花园,"('7275', '元/m')",90天成交1套,5套正在出租,天心,书院路,1987年建成
书院南路582号,"('7284', '元/m')",90天成交0套,0套正在出租,天心,黄土岭,1998年建成
规划局宿舍,"('7288', '元/m')",90天成交0套,1套正在出租,天心,金盆岭,未知年建成
环卫局宿舍,"('7294', '元/m')",90天成交0套,0套正在出租,天心,书院路,未知年建成
金谷豪庭,"('7306', '元/m')",90天成交2套,18套正在出租,天心,暮云,2012年建成
东瓜山一村一委送变电宿舍,"('7318', '元/m')",90天成交0套,2套正在出租,天心,书院路,1985年建成
永宏阁,"('7333', '元/m')",90天成交0套,3套正在出租,天心,书院路,2002年建成
雨花亭街道办事处老宿舍,"('7340', '元/m')",90天成交0套,1套正在出租,天心,铁道学院,1990年建成
天心旧城开发公司宿舍,"('7345', '元/m')",90天成交0套,0套正在出租,天心,书院路,1988年建成
东电社区,"('7346', '元/m')",90天成交0套,3套正在出租,天心,书院路,1995年建成
石子冲小区,"('7369', '元/m')",90天成交0套,2套正在出租,天心,书院路,1992年建成
长城华都,"('7373', '元/m')",90天成交1套,14套正在出租,天心,新开铺,2010年建成
成达花园,"('7379', '元/m')",90天成交0套,4套正在出租,天心,书院路,1998年建成
鑫远微中心,"('7409', '元/m')",90天成交1套,40套正在出租,天心,省政府,2015年建成
轻苑小区,"('7417', '元/m')",90天成交0套,8套正在出租,天心,书院路,1988年建成
磊鑫嘉苑,"('7424', '元/m')",90天成交1套,7套正在出租,天心,暮云,2000年建成
工农桥社区,"('7427', '元/m')",90天成交0套,4套正在出租,天心,东塘,1981年建成
幸福庄园,"('7438', '元/m')",90天成交3套,20套正在出租,天心,暮云,2000年建成
谊苑小区,"('7444', '元/m')",90天成交0套,2套正在出租,天心,书院路,1992年建成
古堆山小区,"('7447', '元/m')",90天成交0套,6套正在出租,天心,黄土岭,1983年建成
信达大厦,"('7460', '元/m')",90天成交0套,0套正在出租,天心,书院路,未知年建成
南锦家园,"('7469', '元/m')",90天成交0套,2套正在出租,天心,黄土岭,2004年建成
长沙市第三医院宿舍楼,"('7477', '元/m')",90天成交1套,2套正在出租,天心,书院路,1990年建成
书院南路584号,"('7480', '元/m')",90天成交0套,0套正在出租,天心,黄土岭,未知年建成
三泰书城,"('7493', '元/m')",90天成交0套,2套正在出租,天心,五一广场,2009年建成
民政局宿舍,"('7516', '元/m')",90天成交1套,1套正在出租,天心,书院路,1990年建成
火把山,"('7535', '元/m')",90天成交0套,1套正在出租,天心,黄土岭,1990年建成
长征花园,"('7544', '元/m')",90天成交2套,5套正在出租,天心,黄土岭,2000年建成
南沙公寓,"('7555', '元/m')",90天成交0套,4套正在出租,天心,书院路,2008年建成
金盆路106号,"('7597', '元/m')",90天成交0套,0套正在出租,天心,黄土岭,未知年建成
石子冲巷,"('7609', '元/m')",90天成交0套,0套正在出租,天心,书院路,1984年建成
新天小区,"('7613', '元/m')",90天成交1套,8套正在出租,天心,新开铺,1990年建成
凯富南方鑫城,"('7614', '元/m')",90天成交1套,3套正在出租,天心,暮云,2013年建成
红龙庙小区,"('7622', '元/m')",90天成交0套,3套正在出租,天心,东塘,1997年建成
书院路26号,"('7650', '元/m')",90天成交0套,0套正在出租,天心,书院路,未知年建成
金泰小区,"('7653', '元/m')",90天成交1套,7套正在出租,天心,书院路,1992年建成
远能锦座,"('7675', '元/m')",90天成交0套,8套正在出租,天心,黄土岭,2004年建成
长运锦园,"('7684', '元/m')",90天成交0套,1套正在出租,天心,省政府,2005年建成
海利宿舍,"('7694', '元/m')",90天成交0套,4套正在出租,天心,东塘,1995年建成
黑金时代广场,"('7700', '元/m')",90天成交3套,16套正在出租,天心,暮云,2000年建成
湖南农业机械研究所,"('7705', '元/m')",90天成交1套,0套正在出租,天心,铁道学院,1984年建成
南建公寓,"('7718', '元/m')",90天成交0套,3套正在出租,天心,书院路,2001年建成
新悦家园,"('7734', '元/m')",90天成交1套,6套正在出租,天心,新开铺,2003年建成
祝威岗小区,"('7735', '元/m')",90天成交0套,1套正在出租,天心,书院路,1985年建成
涂家冲邮政宿舍,"('7753', '元/m')",90天成交0套,0套正在出租,天心,金盆岭,未知年建成
白沙花园,"('7755', '元/m')",90天成交1套,19套正在出租,天心,金盆岭,1999年建成
新开铺南大桥,"('7760', '元/m')",90天成交0套,0套正在出租,天心,新开铺,1998年建成
晏家塘社区,"('7762', '元/m')",90天成交0套,6套正在出租,天心,五一广场,1998年建成
长沙外贸服装厂宿舍,"('7764', '元/m')",90天成交0套,1套正在出租,天心,铁道学院,1980年建成
清泰祠13号,"('7771', '元/m')",90天成交0套,1套正在出租,天心,书院路,1985年建成
长沙理工大学东校区教工宿舍,"('7777', '元/m')",90天成交1套,5套正在出租,天心,金盆岭,1984年建成
轻化公司宿舍,"('7793', '元/m')",90天成交0套,0套正在出租,天心,书院路,未知年建成
书院路352号,"('7797', '元/m')",90天成交0套,0套正在出租,天心,书院路,未知年建成
劳动西路187号,"('7800', '元/m')",90天成交0套,0套正在出租,天心,书院路,未知年建成
煤炭公司宿舍,"('7810', '元/m')",90天成交0套,0套正在出租,天心,黄土岭,未知年建成
开发公司小区,"('7811', '元/m')",90天成交0套,0套正在出租,天心,书院路,1990年建成
308库厂宿舍,"('7814', '元/m')",90天成交0套,0套正在出租,天心,书院路,2000年建成
人寿保险公司附属小区,"('7816', '元/m')",90天成交0套,0套正在出租,天心,黄土岭,1990年建成
湘计花园,"('7819', '元/m')",90天成交0套,5套正在出租,天心,黄土岭,2000年建成
青园路121号,"('7819', '元/m')",90天成交1套,0套正在出租,天心,铁道学院,1977年建成
翡翠林居,"('7826', '元/m')",90天成交2套,33套正在出租,天心,金盆岭,2002年建成
市体育局宿舍,"('7836', '元/m')",90天成交0套,3套正在出租,天心,东塘,1995年建成
鑫园,"('7858', '元/m')",90天成交0套,2套正在出租,天心,黄土岭,2000年建成
弘林国际,"('7859', '元/m')",90天成交0套,18套正在出租,天心,黄土岭,2005年建成
涂新小区,"('7861', '元/m')",90天成交0套,17套正在出租,天心,黄土岭,1989年建成
农业银行宿舍,"('7864', '元/m')",90天成交0套,0套正在出租,天心,书院路,未知年建成
四村街小区,"('7879', '元/m')",90天成交0套,0套正在出租,天心,书院路,2001年建成
裕南街227-231号,"('7897', '元/m')",90天成交0套,0套正在出租,天心,书院路,未知年建成
省建六公司小区,"('7900', '元/m')",90天成交0套,11套正在出租,天心,侯家塘,1988年建成
恒盛佳苑,"('7917', '元/m')",90天成交1套,5套正在出租,天心,铁道学院,2008年建成
湘凯石化大厦,"('7929', '元/m')",90天成交0套,10套正在出租,天心,书院路,2000年建成
沙湖新村,"('7934', '元/m')",90天成交0套,1套正在出租,天心,黄土岭,1990年建成
长沙理工大学天剑村职工住宅,"('7944', '元/m')",90天成交0套,4套正在出租,天心,书院路,1987年建成
新华南苑,"('7944', '元/m')",90天成交1套,10套正在出租,天心,铁道学院,1989年建成
向东南路小区,"('7944', '元/m')",90天成交0套,10套正在出租,天心,书院路,1989年建成
熙台岭社区,"('7949', '元/m')",90天成交1套,12套正在出租,天心,书院路,1981年建成
在水一方,"('7959', '元/m')",90天成交0套,3套正在出租,天心,书院路,2000年建成
书院路593-1号,"('7963', '元/m')",90天成交1套,0套正在出租,天心,书院路,未知年建成
星语林·南壹号,"('7963', '元/m')",90天成交0套,2套正在出租,天心,暮云,2018年建成
钟馗庙,"('7969', '元/m')",90天成交0套,1套正在出租,天心,书院路,1998年建成
芙蓉大厦,"('7971', '元/m')",90天成交0套,2套正在出租,天心,书院路,未知年建成
湖南省科学技术研究开发院,"('7994', '元/m')",90天成交0套,4套正在出租,天心,铁道学院,1980年建成
天悦嘉园,"('8001', '元/m')",90天成交2套,2套正在出租,天心,省政府,2009年建成
家兴公寓,"('8005', '元/m')",90天成交0套,0套正在出租,天心,五一广场,未知年建成
化龙池社区,"('8012', '元/m')",90天成交0套,1套正在出租,天心,五一广场,1990年建成
长沙市自来水公司金盆岭住宅区,"('8015', '元/m')",90天成交0套,2套正在出租,天心,金盆岭,1998年建成
雍晟时代公馆,"('8029', '元/m')",90天成交1套,18套正在出租,天心,铁道学院,2003年建成
怡和山庄,"('8030', '元/m')",90天成交0套,0套正在出租,天心,省政府,2007年建成
南郊公园宿舍,"('8034', '元/m')",90天成交0套,1套正在出租,天心,南郊公园,未知年建成
路边井59号,"('8065', '元/m')",90天成交0套,0套正在出租,天心,五一广场,未知年建成
新族公寓,"('8072', '元/m')",90天成交0套,0套正在出租,天心,书院路,1995年建成
人民西路208号,"('8092', '元/m')",90天成交0套,0套正在出租,天心,五一广场,2010年建成
湖南省科技报社大院,"('8096', '元/m')",90天成交0套,0套正在出租,天心,五一广场,未知年建成
长沙理工大学西校区教工宿舍,"('8122', '元/m')",90天成交1套,11套正在出租,天心,黄土岭,1985年建成
坡子街59-63号,"('8125', '元/m')",90天成交0套,0套正在出租,天心,五一广场,未知年建成
中信城市广场雅居,"('8129', '元/m')",90天成交0套,0套正在出租,天心,暮云,2010年建成
三兴小区,"('8132', '元/m')",90天成交1套,2套正在出租,天心,五一广场,1995年建成
交通信息中心,"('8138', '元/m')",90天成交0套,0套正在出租,天心,金盆岭,2000年建成
药王街小区,"('8162', '元/m')",90天成交0套,0套正在出租,天心,五一广场,未知年建成
他城时代公寓,"('8171', '元/m')",90天成交4套,90套正在出租,天心,铁道学院,2007年建成
坡子街社区,"('8173', '元/m')",90天成交0套,1套正在出租,天心,五一广场,1995年建成
湖南省交通科学研究所,"('8177', '元/m')",90天成交0套,6套正在出租,天心,金盆岭,1994年建成
长沙锌厂宿舍,"('8185', '元/m')",90天成交0套,0套正在出租,天心,黄土岭,1993年建成
山水嘉园,"('8213', '元/m')",90天成交0套,26套正在出租,天心,省政府,2000年建成
木材厂宿舍,"('8219', '元/m')",90天成交0套,3套正在出租,天心,黄土岭,1990年建成
马益顺巷19号,"('8227', '元/m')",90天成交0套,0套正在出租,天心,书院路,未知年建成
古堆山巷住宅区,"('8229', '元/m')",90天成交0套,0套正在出租,天心,黄土岭,未知年建成
新长海D1站,"('8231', '元/m')",90天成交0套,18套正在出租,天心,暮云,未知年建成
鑫远杰座,"('8241', '元/m')",90天成交0套,17套正在出租,天心,新开铺,2009年建成
万事佳景园,"('8252', '元/m')",90天成交2套,7套正在出租,天心,金盆岭,2004年建成
太平街132号,"('8258', '元/m')",90天成交0套,1套正在出租,天心,五一广场,未知年建成
西牌楼53号,"('8272', '元/m')",90天成交1套,1套正在出租,天心,五一广场,2000年建成
燕子岭社区,"('8281', '元/m')",90天成交0套,2套正在出租,天心,书院路,1992年建成
涂北新村,"('8285', '元/m')",90天成交0套,4套正在出租,天心,黄土岭,1990年建成
马楚巷,"('8300', '元/m')",90天成交0套,0套正在出租,天心,书院路,未知年建成
天龙花园,"('8304', '元/m')",90天成交0套,2套正在出租,天心,黄土岭,1998年建成
肉联厂小区,"('8308', '元/m')",90天成交0套,1套正在出租,天心,省政府,1996年建成
添景阁,"('8315', '元/m')",90天成交0套,2套正在出租,天心,五一广场,2001年建成
青园花都,"('8323', '元/m')",90天成交1套,2套正在出租,天心,铁道学院,2005年建成
金盆路112号,"('8329', '元/m')",90天成交0套,0套正在出租,天心,黄土岭,未知年建成
西牌楼小区,"('8337', '元/m')",90天成交0套,1套正在出租,天心,五一广场,1995年建成
高压开关厂小区,"('8340', '元/m')",90天成交0套,1套正在出租,天心,书院路,未知年建成
佳湾新寓,"('8341', '元/m')",90天成交0套,2套正在出租,天心,五一广场,2006年建成
中铁四院宿舍,"('8347', '元/m')",90天成交0套,0套正在出租,天心,铁道学院,2000年建成
荷花村,"('8363', '元/m')",90天成交0套,3套正在出租,天心,铁道学院,1995年建成
中意宿舍,"('8368', '元/m')",90天成交0套,1套正在出租,天心,书院路,未知年建成
和庄,"('8374', '元/m')",90天成交4套,73套正在出租,天心,新开铺,2008年建成
林科大橙子商业街,"('8377', '元/m')",90天成交0套,0套正在出租,天心,铁道学院,未知年建成
华盛家园,"('8384', '元/m')",90天成交1套,7套正在出租,天心,金盆岭,2002年建成
华升公司附属小区,"('8388', '元/m')",90天成交0套,0套正在出租,天心,黄土岭,1994年建成
轻工研究院小区,"('8395', '元/m')",90天成交0套,4套正在出租,天心,书院路,1985年建成
向东南路12号,"('8409', '元/m')",90天成交0套,1套正在出租,天心,书院路,2002年建成
湖凯逸景园,"('8423', '元/m')",90天成交0套,6套正在出租,天心,金盆岭,2005年建成
中海新城熙岸,"('8432', '元/m')",90天成交1套,33套正在出租,天心,暮云,2002年建成
八角亭社区,"('8434', '元/m')",90天成交0套,0套正在出租,天心,五一广场,1988年建成
富湘公寓,"('8444', '元/m')",90天成交0套,0套正在出租,天心,书院路,1996年建成
五矿紫湖香醍,"('8458', '元/m')",90天成交22套,89套正在出租,天心,暮云,2000年建成
华银南苑,"('8459', '元/m')",90天成交0套,4套正在出租,天心,铁道学院,2000年建成
天翔新新家园,"('8461', '元/m')",90天成交0套,14套正在出租,天心,新开铺,2006年建成
湖南城建职业技术学院宿舍,"('8461', '元/m')",90天成交0套,3套正在出租,天心,黄土岭,1999年建成
中建偶寓,"('8478', '元/m')",90天成交0套,44套正在出租,天心,省政府,2013年建成
湘江花苑,"('8480', '元/m')",90天成交0套,2套正在出租,天心,省政府,2009年建成
加加大商业街,"('8483', '元/m')",90天成交1套,30套正在出租,天心,铁道学院,2000年建成
中信文化广场雅居,"('8495', '元/m')",90天成交1套,29套正在出租,天心,暮云,2000年建成
迎龙阁公寓,"('8510', '元/m')",90天成交0套,0套正在出租,天心,东塘,未知年建成
弘阳时光里,"('8533', '元/m')",90天成交0套,35套正在出租,天心,湘府路,2021年建成
森宇佳园,"('8533', '元/m')",90天成交2套,9套正在出租,天心,书院路,2004年建成
浦沅生活二区,"('8587', '元/m')",90天成交0套,0套正在出租,天心,金盆岭,1998年建成
城市之心,"('8588', '元/m')",90天成交0套,2套正在出租,天心,东塘,2002年建成
湘清别墅巷,"('8594', '元/m')",90天成交0套,0套正在出租,天心,书院路,1996年建成
湖南省地质勘察院,"('8596', '元/m')",90天成交0套,3套正在出租,天心,铁道学院,1995年建成
下碧湘街小区宿舍,"('8612', '元/m')",90天成交0套,2套正在出租,天心,书院路,1995年建成
金苑小区,"('8623', '元/m')",90天成交0套,0套正在出租,天心,黄土岭,2000年建成
芙蓉同发,"('8623', '元/m')",90天成交0套,14套正在出租,天心,东塘,2000年建成
环达路桥,"('8629', '元/m')",90天成交0套,2套正在出租,天心,铁道学院,2000年建成
大众公寓,"('8632', '元/m')",90天成交0套,1套正在出租,天心,五一广场,1998年建成
金线街,"('8643', '元/m')",90天成交0套,0套正在出租,天心,五一广场,1998年建成
广电宿舍,"('8646', '元/m')",90天成交0套,0套正在出租,天心,东塘,2000年建成
南湖路宿舍,"('8649', '元/m')",90天成交0套,1套正在出租,天心,黄土岭,未知年建成
城建局宿舍,"('8668', '元/m')",90天成交0套,0套正在出租,天心,侯家塘,1989年建成
五矿哈佛小镇,"('8677', '元/m')",90天成交14套,23套正在出租,天心,暮云,2000年建成
蔬菜公司宿舍,"('8691', '元/m')",90天成交0套,1套正在出租,天心,五一广场,1980年建成
老检查院宿舍,"('8708', '元/m')",90天成交0套,0套正在出租,天心,侯家塘,未知年建成
湖南省建材供销储运公司宿舍,"('8727', '元/m')",90天成交0套,0套正在出租,天心,金盆岭,1995年建成
建鸿达现代空间,"('8727', '元/m')",90天成交0套,6套正在出租,天心,金盆岭,2000年建成
肠衣厂宿舍,"('8728', '元/m')",90天成交0套,0套正在出租,天心,省政府,未知年建成
金碧文苑,"('8738', '元/m')",90天成交1套,3套正在出租,天心,黄土岭,2005年建成
裕敏里金球公寓,"('8741', '元/m')",90天成交0套,1套正在出租,天心,书院路,2003年建成
中信新城,"('8754', '元/m')",90天成交1套,14套正在出租,天心,暮云,2000年建成
402小区,"('8766', '元/m')",90天成交1套,0套正在出租,天心,铁道学院,2005年建成
湖南省红十字会宿舍,"('8770', '元/m')",90天成交0套,0套正在出租,天心,铁道学院,2005年建成
才子嘉都,"('8770', '元/m')",90天成交2套,29套正在出租,天心,德思勤,2002年建成
生活艺术城,"('8770', '元/m')",90天成交4套,30套正在出租,天心,德思勤,2007年建成
湘电线材生活小区,"('8779', '元/m')",90天成交0套,3套正在出租,天心,新开铺,2002年建成
凯悦名城,"('8828', '元/m')",90天成交0套,3套正在出租,天心,黄土岭,未知年建成
省木材公司宿舍,"('8831', '元/m')",90天成交0套,2套正在出租,天心,黄土岭,1990年建成
省外贸公司宿舍,"('8859', '元/m')",90天成交0套,0套正在出租,天心,黄土岭,1990年建成
湖南省化工运输公司宿舍,"('8865', '元/m')",90天成交0套,0套正在出租,天心,金盆岭,未知年建成
兴泰公寓,"('8873', '元/m')",90天成交0套,0套正在出租,天心,省政府,2008年建成
湖南剧院宿舍,"('8874', '元/m')",90天成交0套,0套正在出租,天心,五一广场,1980年建成
湖南石油化学工业局小区,"('8884', '元/m')",90天成交1套,3套正在出租,天心,书院路,1980年建成
和美星城,"('8887', '元/m')",90天成交19套,38套正在出租,天心,暮云,2000年建成
五矿格澜郡,"('8924', '元/m')",90天成交10套,38套正在出租,天心,暮云,2000年建成
香墅美地,"('8957', '元/m')",90天成交2套,12套正在出租,天心,金盆岭,2006年建成
山水南雅,"('8976', '元/m')",90天成交0套,1套正在出租,天心,暮云,2008年建成
